Name,Product Type,Quantity Sold,Date Sold,Product Price (SGD)
Chye Sim,Leafy Green,47,1/1/2023,3.5
Mizuna,Leafy Green,16,1/1/2023,3.8
Green Emerald Lettuce,Leafy Green,21,1/1/2023,4.0
Mint,Herb,5,2/1/2023,2.5
Ruby Red Lettuce,Leafy Green,15,2/1/2023,4.0
Basil,Herb,7,4/1/2023,2.5
Green Emerald Lettuce,Leafy Green,27,5/1/2023,4.0
Mizuna,Leafy Green,17,5/1/2023,3.8
Ruby Red Lettuce,Leafy Green,16,5/1/2023,4.0
Chye Sim,Leafy Green,43,6/1/2023,3.5
Mint,Herb,6,7/1/2023,2.5
Basil,Herb,9,7/1/2023,2.5
Green Emerald Lettuce,Leafy Green,23,8/1/2023,4.0
Mint,Herb,5,9/1/2023,2.5
Basil,Herb,9,9/1/2023,2.5
Mizuna,Leafy Green,16,9/1/2023,3.8
Ruby Red Lettuce,Leafy Green,19,9/1/2023,4.0
Chye Sim,Leafy Green,48,9/1/2023,3.5
Mizuna,Leafy Green,15,10/1/2023,3.8
Chye Sim,Leafy Green,54,12/1/2023,3.5
Green Emerald Lettuce,Leafy Green,24,12/1/2023,4.0
Ruby Red Lettuce,Leafy Green,18,12/1/2023,4.0
Mizuna,Leafy Green,15,13/1/2023,3.8
Chye Sim,Leafy Green,42,14/1/2023,3.5
Green Emerald Lettuce,Leafy Green,23,14/1/2023,4.0
Basil,Herb,9,14/1/2023,2.5
Ruby Red Lettuce,Leafy Green,22,14/1/2023,4.0
Ruby Red Lettuce,Leafy Green,18,16/1/2023,4.0
Mizuna,Leafy Green,12,16/1/2023,3.8
Mint,Herb,5,16/1/2023,2.5
Chye Sim,Leafy Green,42,16/1/2023,3.5
Green Emerald Lettuce,Leafy Green,32,17/1/2023,4.0
Green Emerald Lettuce,Leafy Green,25,18/1/2023,4.0
Ruby Red Lettuce,Leafy Green,17,18/1/2023,4.0
Mizuna,Leafy Green,14,19/1/2023,3.8
Chye Sim,Leafy Green,54,19/1/2023,3.5
Basil,Herb,7,20/1/2023,2.5
Mizuna,Leafy Green,14,20/1/2023,3.8
Mint,Herb,7,20/1/2023,2.5
Ruby Red Lettuce,Leafy Green,26,20/1/2023,4.0
Green Emerald Lettuce,Leafy Green,21,20/1/2023,4.0
Chye Sim,Leafy Green,49,21/1/2023,3.5
Chye Sim,Leafy Green,40,22/1/2023,3.5
Mint,Herb,7,23/1/2023,2.5
Green Emerald Lettuce,Leafy Green,28,23/1/2023,4.0
Mizuna,Leafy Green,18,23/1/2023,3.8
Basil,Herb,8,23/1/2023,2.5
Ruby Red Lettuce,Leafy Green,20,23/1/2023,4.0
Chye Sim,Leafy Green,47,24/1/2023,3.5
Ruby Red Lettuce,Leafy Green,21,24/1/2023,4.0
Green Emerald Lettuce,Leafy Green,20,24/1/2023,4.0
Mizuna,Leafy Green,16,25/1/2023,3.8
Mint,Herb,6,25/1/2023,2.5
Mizuna,Leafy Green,11,26/1/2023,3.8
Green Emerald Lettuce,Leafy Green,26,26/1/2023,4.0
Chye Sim,Leafy Green,40,27/1/2023,3.5
Ruby Red Lettuce,Leafy Green,16,27/1/2023,4.0
Basil,Herb,8,28/1/2023,2.5
Basil,Herb,9,29/1/2023,2.5
Chye Sim,Leafy Green,40,29/1/2023,3.5
Mizuna,Leafy Green,16,29/1/2023,3.8
Green Emerald Lettuce,Leafy Green,18,29/1/2023,4.0
Ruby Red Lettuce,Leafy Green,19,29/1/2023,4.0
Ruby Red Lettuce,Leafy Green,21,30/1/2023,4.0
Mint,Herb,7,31/1/2023,2.5
Mizuna,Leafy Green,15,31/1/2023,3.8
Green Emerald Lettuce,Leafy Green,20,31/1/2023,4.0
Chye Sim,Leafy Green,45,31/1/2023,3.5
Ruby Red Lettuce,Leafy Green,18,1/2/2023,4.0
Green Emerald Lettuce,Leafy Green,25,1/2/2023,4.0
Mint,Herb,7,2/2/2023,2.5
Mizuna,Leafy Green,17,3/2/2023,3.8
Chye Sim,Leafy Green,42,3/2/2023,3.5
Chye Sim,Leafy Green,36,4/2/2023,3.5
Basil,Herb,9,4/2/2023,2.5
Green Emerald Lettuce,Leafy Green,27,5/2/2023,4.0
Mizuna,Leafy Green,18,5/2/2023,3.8
Ruby Red Lettuce,Leafy Green,20,5/2/2023,4.0
Basil,Herb,7,7/2/2023,2.5
Mizuna,Leafy Green,22,7/2/2023,3.8
Mint,Herb,9,8/2/2023,2.5
Ruby Red Lettuce,Leafy Green,23,8/2/2023,4.0
Mint,Herb,6,9/2/2023,2.5
Basil,Herb,11,9/2/2023,2.5
Green Emerald Lettuce,Leafy Green,27,9/2/2023,4.0
Chye Sim,Leafy Green,60,9/2/2023,3.5
Green Emerald Lettuce,Leafy Green,22,10/2/2023,4.0
Mizuna,Leafy Green,18,11/2/2023,3.8
Ruby Red Lettuce,Leafy Green,17,11/2/2023,4.0
Chye Sim,Leafy Green,52,12/2/2023,3.5
Mint,Herb,6,13/2/2023,2.5
Green Emerald Lettuce,Leafy Green,30,13/2/2023,4.0
Ruby Red Lettuce,Leafy Green,16,14/2/2023,4.0
Chye Sim,Leafy Green,39,14/2/2023,3.5
Mizuna,Leafy Green,18,14/2/2023,3.8
Basil,Herb,10,14/2/2023,2.5
Ruby Red Lettuce,Leafy Green,17,15/2/2023,4.0
Green Emerald Lettuce,Leafy Green,30,15/2/2023,4.0
Mizuna,Leafy Green,17,15/2/2023,3.8
Chye Sim,Leafy Green,49,16/2/2023,3.5
Mizuna,Leafy Green,12,17/2/2023,3.8
Green Emerald Lettuce,Leafy Green,28,17/2/2023,4.0
Chye Sim,Leafy Green,24,17/2/2023,3.5
Ruby Red Lettuce,Leafy Green,21,17/2/2023,4.0
Mint,Herb,7,18/2/2023,2.5
Mizuna,Leafy Green,17,19/2/2023,3.8
Basil,Herb,10,19/2/2023,2.5
Chye Sim,Leafy Green,45,20/2/2023,3.5
Green Emerald Lettuce,Leafy Green,27,20/2/2023,4.0
Ruby Red Lettuce,Leafy Green,20,20/2/2023,4.0
Ruby Red Lettuce,Leafy Green,17,21/2/2023,4.0
Mizuna,Leafy Green,17,21/2/2023,3.8
Green Emerald Lettuce,Leafy Green,22,21/2/2023,4.0
Basil,Herb,8,22/2/2023,2.5
Mint,Herb,6,22/2/2023,2.5
Chye Sim,Leafy Green,40,22/2/2023,3.5
Mizuna,Leafy Green,24,23/2/2023,3.8
Chye Sim,Leafy Green,38,23/2/2023,3.5
Ruby Red Lettuce,Leafy Green,20,23/2/2023,4.0
Mint,Herb,5,24/2/2023,2.5
Green Emerald Lettuce,Leafy Green,27,24/2/2023,4.0
Ruby Red Lettuce,Leafy Green,19,25/2/2023,4.0
Green Emerald Lettuce,Leafy Green,27,25/2/2023,4.0
Basil,Herb,11,25/2/2023,2.5
Mizuna,Leafy Green,17,26/2/2023,3.8
Chye Sim,Leafy Green,40,26/2/2023,3.5
Chye Sim,Leafy Green,28,27/2/2023,3.5
Ruby Red Lettuce,Leafy Green,22,27/2/2023,4.0
Basil,Herb,7,27/2/2023,2.5
Mizuna,Leafy Green,18,28/2/2023,3.8
Green Emerald Lettuce,Leafy Green,25,28/2/2023,4.0
Mint,Herb,7,28/2/2023,2.5
Mizuna,Leafy Green,17,1/3/2023,3.8
Ruby Red Lettuce,Leafy Green,24,1/3/2023,4.0
Basil,Herb,10,2/3/2023,2.5
Green Emerald Lettuce,Leafy Green,26,3/3/2023,4.0
Chye Sim,Leafy Green,30,3/3/2023,3.5
Mint,Herb,8,3/3/2023,2.5
Chye Sim,Leafy Green,38,4/3/2023,3.5
Mint,Herb,6,5/3/2023,2.5
Mizuna,Leafy Green,19,5/3/2023,3.8
Basil,Herb,12,5/3/2023,2.5
Ruby Red Lettuce,Leafy Green,17,6/3/2023,4.0
Green Emerald Lettuce,Leafy Green,35,6/3/2023,4.0
Chye Sim,Leafy Green,31,7/3/2023,3.5
Mizuna,Leafy Green,20,8/3/2023,3.8
Ruby Red Lettuce,Leafy Green,17,8/3/2023,4.0
Green Emerald Lettuce,Leafy Green,27,8/3/2023,4.0
Mint,Herb,8,9/3/2023,2.5
Basil,Herb,11,10/3/2023,2.5
Green Emerald Lettuce,Leafy Green,36,10/3/2023,4.0
Mizuna,Leafy Green,20,11/3/2023,3.8
Chye Sim,Leafy Green,44,11/3/2023,3.5
Ruby Red Lettuce,Leafy Green,23,11/3/2023,4.0
Ruby Red Lettuce,Leafy Green,22,13/3/2023,4.0
Chye Sim,Leafy Green,32,14/3/2023,3.5
Mizuna,Leafy Green,21,15/3/2023,3.8
Green Emerald Lettuce,Leafy Green,37,15/3/2023,4.0
Mint,Herb,8,15/3/2023,2.5
Basil,Herb,10,15/3/2023,2.5
Green Emerald Lettuce,Leafy Green,28,16/3/2023,4.0
Chye Sim,Leafy Green,34,17/3/2023,3.5
Ruby Red Lettuce,Leafy Green,22,17/3/2023,4.0
Mizuna,Leafy Green,19,17/3/2023,3.8
Basil,Herb,9,18/3/2023,2.5
Chye Sim,Leafy Green,40,18/3/2023,3.5
Mizuna,Leafy Green,23,18/3/2023,3.8
Ruby Red Lettuce,Leafy Green,22,18/3/2023,4.0
Green Emerald Lettuce,Leafy Green,36,19/3/2023,4.0
Mint,Herb,7,19/3/2023,2.5
Mizuna,Leafy Green,10,20/3/2023,3.8
Ruby Red Lettuce,Leafy Green,11,20/3/2023,4.0
Chye Sim,Leafy Green,17,20/3/2023,3.5
Green Emerald Lettuce,Leafy Green,20,21/3/2023,4.0
Ruby Red Lettuce,Leafy Green,13,22/3/2023,4.0
Green Emerald Lettuce,Leafy Green,21,22/3/2023,4.0
Mizuna,Leafy Green,16,23/3/2023,3.8
Mint,Herb,4,23/3/2023,2.5
Basil,Herb,4,23/3/2023,2.5
Chye Sim,Leafy Green,22,23/3/2023,3.5
Chye Sim,Leafy Green,25,24/3/2023,3.5
Ruby Red Lettuce,Leafy Green,13,24/3/2023,4.0
Mizuna,Leafy Green,12,25/3/2023,3.8
Green Emerald Lettuce,Leafy Green,24,25/3/2023,4.0
Basil,Herb,10,26/3/2023,2.5
Chye Sim,Leafy Green,27,26/3/2023,3.5
Mizuna,Leafy Green,16,26/3/2023,3.8
Green Emerald Lettuce,Leafy Green,31,26/3/2023,4.0
Ruby Red Lettuce,Leafy Green,19,27/3/2023,4.0
Mint,Herb,8,28/3/2023,2.5
Chye Sim,Leafy Green,37,28/3/2023,3.5
Mizuna,Leafy Green,16,28/3/2023,3.8
Green Emerald Lettuce,Leafy Green,28,28/3/2023,4.0
Ruby Red Lettuce,Leafy Green,27,29/3/2023,4.0
Mint,Herb,6,29/3/2023,2.5
Basil,Herb,12,29/3/2023,2.5
Ruby Red Lettuce,Leafy Green,23,30/3/2023,4.0
Chye Sim,Leafy Green,37,30/3/2023,3.5
Green Emerald Lettuce,Leafy Green,28,30/3/2023,4.0
Mizuna,Leafy Green,20,31/3/2023,3.8
Chye Sim,Leafy Green,38,1/4/2023,3.5
Basil,Herb,15,1/4/2023,2.5
Ruby Red Lettuce,Leafy Green,27,1/4/2023,4.0
Green Emerald Lettuce,Leafy Green,33,2/4/2023,4.0
Mizuna,Leafy Green,12,2/4/2023,3.8
Mint,Herb,10,3/4/2023,2.5
Green Emerald Lettuce,Leafy Green,41,5/4/2023,4.0
Ruby Red Lettuce,Leafy Green,26,5/4/2023,4.0
Mizuna,Leafy Green,18,6/4/2023,3.8
Chye Sim,Leafy Green,39,6/4/2023,3.5
Basil,Herb,12,6/4/2023,2.5
Mint,Herb,7,7/4/2023,2.5
Chye Sim,Leafy Green,42,8/4/2023,3.5
Green Emerald Lettuce,Leafy Green,36,8/4/2023,4.0
Mizuna,Leafy Green,16,8/4/2023,3.8
Ruby Red Lettuce,Leafy Green,23,9/4/2023,4.0
Mizuna,Leafy Green,20,10/4/2023,3.8
Basil,Herb,9,11/4/2023,2.5
Ruby Red Lettuce,Leafy Green,27,12/4/2023,4.0
Chye Sim,Leafy Green,42,12/4/2023,3.5
Mint,Herb,9,12/4/2023,2.5
Green Emerald Lettuce,Leafy Green,29,12/4/2023,4.0
Basil,Herb,13,13/4/2023,2.5
Ruby Red Lettuce,Leafy Green,21,13/4/2023,4.0
Green Emerald Lettuce,Leafy Green,31,14/4/2023,4.0
Mizuna,Leafy Green,15,15/4/2023,3.8
Chye Sim,Leafy Green,28,15/4/2023,3.5
Mint,Herb,9,15/4/2023,2.5
Chye Sim,Leafy Green,31,16/4/2023,3.5
Green Emerald Lettuce,Leafy Green,39,16/4/2023,4.0
Ruby Red Lettuce,Leafy Green,23,18/4/2023,4.0
Mizuna,Leafy Green,17,18/4/2023,3.8
Basil,Herb,16,19/4/2023,2.5
Mint,Herb,7,19/4/2023,2.5
Mizuna,Leafy Green,19,19/4/2023,3.8
Chye Sim,Leafy Green,39,19/4/2023,3.5
Ruby Red Lettuce,Leafy Green,22,19/4/2023,4.0
Green Emerald Lettuce,Leafy Green,31,20/4/2023,4.0
Green Emerald Lettuce,Leafy Green,36,21/4/2023,4.0
Chye Sim,Leafy Green,39,21/4/2023,3.5
Ruby Red Lettuce,Leafy Green,24,21/4/2023,4.0
Mizuna,Leafy Green,20,22/4/2023,3.8
Chye Sim,Leafy Green,39,23/4/2023,3.5
Mizuna,Leafy Green,14,23/4/2023,3.8
Ruby Red Lettuce,Leafy Green,32,23/4/2023,4.0
Mint,Herb,8,24/4/2023,2.5
Green Emerald Lettuce,Leafy Green,35,24/4/2023,4.0
Basil,Herb,14,24/4/2023,2.5
Ruby Red Lettuce,Leafy Green,17,25/4/2023,4.0
Chye Sim,Leafy Green,57,26/4/2023,3.5
Mizuna,Leafy Green,16,26/4/2023,3.8
Green Emerald Lettuce,Leafy Green,32,26/4/2023,4.0
Mizuna,Leafy Green,16,27/4/2023,3.8
Mint,Herb,4,27/4/2023,2.5
Basil,Herb,9,27/4/2023,2.5
Chye Sim,Leafy Green,39,27/4/2023,3.5
Green Emerald Lettuce,Leafy Green,47,27/4/2023,4.0
Ruby Red Lettuce,Leafy Green,8,28/4/2023,4.0
Basil,Herb,3,28/4/2023,2.5
Chye Sim,Leafy Green,20,29/4/2023,3.5
Green Emerald Lettuce,Leafy Green,18,29/4/2023,4.0
Mizuna,Leafy Green,7,29/4/2023,3.8
Ruby Red Lettuce,Leafy Green,8,29/4/2023,4.0
Mint,Herb,4,30/4/2023,2.5
Green Emerald Lettuce,Leafy Green,29,1/5/2023,4.0
Ruby Red Lettuce,Leafy Green,19,1/5/2023,4.0
Mizuna,Leafy Green,10,2/5/2023,3.8
Chye Sim,Leafy Green,18,3/5/2023,3.5
Green Emerald Lettuce,Leafy Green,11,4/5/2023,4.0
Basil,Herb,5,4/5/2023,2.5
Chye Sim,Leafy Green,10,4/5/2023,3.5
Mint,Herb,2,4/5/2023,2.5
Mizuna,Leafy Green,16,5/5/2023,3.8
Ruby Red Lettuce,Leafy Green,27,6/5/2023,4.0
Mint,Herb,8,6/5/2023,2.5
Basil,Herb,14,7/5/2023,2.5
Chye Sim,Leafy Green,50,7/5/2023,3.5
Mizuna,Leafy Green,16,8/5/2023,3.8
Ruby Red Lettuce,Leafy Green,25,8/5/2023,4.0
Green Emerald Lettuce,Leafy Green,35,8/5/2023,4.0
Basil,Herb,15,10/5/2023,2.5
Mint,Herb,11,10/5/2023,2.5
Mizuna,Leafy Green,19,11/5/2023,3.8
Green Emerald Lettuce,Leafy Green,44,11/5/2023,4.0
Ruby Red Lettuce,Leafy Green,27,12/5/2023,4.0
Chye Sim,Leafy Green,32,12/5/2023,3.5
Mint,Herb,10,14/5/2023,2.5
Ruby Red Lettuce,Leafy Green,29,14/5/2023,4.0
Mizuna,Leafy Green,14,15/5/2023,3.8
Chye Sim,Leafy Green,38,15/5/2023,3.5
Green Emerald Lettuce,Leafy Green,41,15/5/2023,4.0
Chye Sim,Leafy Green,41,16/5/2023,3.5
Basil,Herb,14,16/5/2023,2.5
Mint,Herb,10,17/5/2023,2.5
Ruby Red Lettuce,Leafy Green,33,17/5/2023,4.0
Green Emerald Lettuce,Leafy Green,35,17/5/2023,4.0
Mizuna,Leafy Green,17,17/5/2023,3.8
Green Emerald Lettuce,Leafy Green,44,18/5/2023,4.0
Mizuna,Leafy Green,15,18/5/2023,3.8
Ruby Red Lettuce,Leafy Green,21,19/5/2023,4.0
Chye Sim,Leafy Green,49,19/5/2023,3.5
Mizuna,Leafy Green,15,20/5/2023,3.8
Basil,Herb,14,20/5/2023,2.5
Green Emerald Lettuce,Leafy Green,40,20/5/2023,4.0
Ruby Red Lettuce,Leafy Green,35,20/5/2023,4.0
Chye Sim,Leafy Green,32,21/5/2023,3.5
Green Emerald Lettuce,Leafy Green,43,22/5/2023,4.0
Ruby Red Lettuce,Leafy Green,19,22/5/2023,4.0
Chye Sim,Leafy Green,47,22/5/2023,3.5
Basil,Herb,15,23/5/2023,2.5
Mizuna,Leafy Green,19,23/5/2023,3.8
Mint,Herb,10,24/5/2023,2.5
Green Emerald Lettuce,Leafy Green,42,25/5/2023,4.0
Ruby Red Lettuce,Leafy Green,26,25/5/2023,4.0
Mizuna,Leafy Green,18,25/5/2023,3.8
Chye Sim,Leafy Green,40,25/5/2023,3.5
Green Emerald Lettuce,Leafy Green,34,26/5/2023,4.0
Mizuna,Leafy Green,18,26/5/2023,3.8
Mint,Herb,9,27/5/2023,2.5
Chye Sim,Leafy Green,34,27/5/2023,3.5
Ruby Red Lettuce,Leafy Green,29,27/5/2023,4.0
Basil,Herb,12,27/5/2023,2.5
Green Emerald Lettuce,Leafy Green,35,28/5/2023,4.0
Mizuna,Leafy Green,19,28/5/2023,3.8
Mint,Herb,8,29/5/2023,2.5
Ruby Red Lettuce,Leafy Green,28,29/5/2023,4.0
Chye Sim,Leafy Green,43,29/5/2023,3.5
Mizuna,Leafy Green,16,30/5/2023,3.8
Green Emerald Lettuce,Leafy Green,43,30/5/2023,4.0
Ruby Red Lettuce,Leafy Green,24,30/5/2023,4.0
Chye Sim,Leafy Green,42,30/5/2023,3.5
Basil,Herb,19,31/5/2023,2.5
Green Emerald Lettuce,Leafy Green,35,2/6/2023,4.0
Ruby Red Lettuce,Leafy Green,27,2/6/2023,4.0
Mizuna,Leafy Green,14,2/6/2023,3.8
Chye Sim,Leafy Green,45,2/6/2023,3.5
Green Emerald Lettuce,Leafy Green,34,4/6/2023,4.0
Basil,Herb,13,4/6/2023,2.5
Mint,Herb,12,4/6/2023,2.5
Mizuna,Leafy Green,13,5/6/2023,3.8
Ruby Red Lettuce,Leafy Green,30,6/6/2023,4.0
Chye Sim,Leafy Green,40,6/6/2023,3.5
Basil,Herb,14,7/6/2023,2.5
Ruby Red Lettuce,Leafy Green,23,7/6/2023,4.0
Mizuna,Leafy Green,14,8/6/2023,3.8
Chye Sim,Leafy Green,51,8/6/2023,3.5
Mint,Herb,9,8/6/2023,2.5
Green Emerald Lettuce,Leafy Green,37,9/6/2023,4.0
Basil,Herb,10,9/6/2023,2.5
Mint,Herb,9,10/6/2023,2.5
Ruby Red Lettuce,Leafy Green,23,10/6/2023,4.0
Mizuna,Leafy Green,15,10/6/2023,3.8
Green Emerald Lettuce,Leafy Green,31,11/6/2023,4.0
Chye Sim,Leafy Green,44,12/6/2023,3.5
Chye Sim,Leafy Green,39,13/6/2023,3.5
Basil,Herb,14,13/6/2023,2.5
Mizuna,Leafy Green,17,13/6/2023,3.8
Mint,Herb,11,14/6/2023,2.5
Green Emerald Lettuce,Leafy Green,38,14/6/2023,4.0
Ruby Red Lettuce,Leafy Green,26,15/6/2023,4.0
Mizuna,Leafy Green,16,16/6/2023,3.8
Ruby Red Lettuce,Leafy Green,28,17/6/2023,4.0
Chye Sim,Leafy Green,42,18/6/2023,3.5
Basil,Herb,14,18/6/2023,2.5
Green Emerald Lettuce,Leafy Green,44,18/6/2023,4.0
Mint,Herb,8,19/6/2023,2.5
Chye Sim,Leafy Green,47,19/6/2023,3.5
Mizuna,Leafy Green,19,19/6/2023,3.8
Green Emerald Lettuce,Leafy Green,35,19/6/2023,4.0
Ruby Red Lettuce,Leafy Green,30,20/6/2023,4.0
Mizuna,Leafy Green,13,21/6/2023,3.8
Mint,Herb,13,21/6/2023,2.5
Green Emerald Lettuce,Leafy Green,38,22/6/2023,4.0
Chye Sim,Leafy Green,41,22/6/2023,3.5
Ruby Red Lettuce,Leafy Green,36,22/6/2023,4.0
Basil,Herb,16,22/6/2023,2.5
Chye Sim,Leafy Green,39,23/6/2023,3.5
Green Emerald Lettuce,Leafy Green,39,24/6/2023,4.0
Mizuna,Leafy Green,16,24/6/2023,3.8
Ruby Red Lettuce,Leafy Green,33,24/6/2023,4.0
Green Emerald Lettuce,Leafy Green,33,25/6/2023,4.0
Chye Sim,Leafy Green,46,25/6/2023,3.5
Basil,Herb,16,25/6/2023,2.5
Mizuna,Leafy Green,15,26/6/2023,3.8
Mint,Herb,12,26/6/2023,2.5
Ruby Red Lettuce,Leafy Green,28,26/6/2023,4.0
Green Emerald Lettuce,Leafy Green,37,27/6/2023,4.0
Chye Sim,Leafy Green,46,27/6/2023,3.5
Mint,Herb,9,28/6/2023,2.5
Basil,Herb,20,28/6/2023,2.5
Ruby Red Lettuce,Leafy Green,29,28/6/2023,4.0
Mizuna,Leafy Green,19,28/6/2023,3.8
Ruby Red Lettuce,Leafy Green,25,30/6/2023,4.0
Mizuna,Leafy Green,12,30/6/2023,3.8
Green Emerald Lettuce,Leafy Green,36,30/6/2023,4.0
Chye Sim,Leafy Green,41,30/6/2023,3.5
Basil,Herb,14,1/7/2023,2.5
Mint,Herb,10,1/7/2023,2.5
Ruby Red Lettuce,Leafy Green,29,2/7/2023,4.0
Chye Sim,Leafy Green,36,2/7/2023,3.5
Mizuna,Leafy Green,13,2/7/2023,3.8
Green Emerald Lettuce,Leafy Green,31,3/7/2023,4.0
Green Emerald Lettuce,Leafy Green,37,4/7/2023,4.0
Chye Sim,Leafy Green,59,5/7/2023,3.5
Ruby Red Lettuce,Leafy Green,30,5/7/2023,4.0
Mint,Herb,9,6/7/2023,2.5
Mizuna,Leafy Green,16,6/7/2023,3.8
Basil,Herb,13,6/7/2023,2.5
Mizuna,Leafy Green,10,7/7/2023,3.8
Green Emerald Lettuce,Leafy Green,36,7/7/2023,4.0
Chye Sim,Leafy Green,48,8/7/2023,3.5
Mint,Herb,9,9/7/2023,2.5
Ruby Red Lettuce,Leafy Green,22,9/7/2023,4.0
Mizuna,Leafy Green,9,10/7/2023,3.8
Ruby Red Lettuce,Leafy Green,20,11/7/2023,4.0
Chye Sim,Leafy Green,58,11/7/2023,3.5
Green Emerald Lettuce,Leafy Green,39,12/7/2023,4.0
Basil,Herb,8,12/7/2023,2.5
Mizuna,Leafy Green,13,13/7/2023,3.8
Green Emerald Lettuce,Leafy Green,28,14/7/2023,4.0
Mint,Herb,9,14/7/2023,2.5
Basil,Herb,21,14/7/2023,2.5
Ruby Red Lettuce,Leafy Green,32,14/7/2023,4.0
Chye Sim,Leafy Green,37,15/7/2023,3.5
Ruby Red Lettuce,Leafy Green,28,16/7/2023,4.0
Green Emerald Lettuce,Leafy Green,36,16/7/2023,4.0
Mizuna,Leafy Green,13,17/7/2023,3.8
Chye Sim,Leafy Green,44,17/7/2023,3.5
Basil,Herb,7,18/7/2023,2.5
Ruby Red Lettuce,Leafy Green,24,18/7/2023,4.0
Mint,Herb,7,18/7/2023,2.5
Mizuna,Leafy Green,13,19/7/2023,3.8
Chye Sim,Leafy Green,49,19/7/2023,3.5
Green Emerald Lettuce,Leafy Green,38,19/7/2023,4.0
Mizuna,Leafy Green,9,20/7/2023,3.8
Chye Sim,Leafy Green,49,20/7/2023,3.5
Green Emerald Lettuce,Leafy Green,24,21/7/2023,4.0
Ruby Red Lettuce,Leafy Green,33,21/7/2023,4.0
Mint,Herb,10,22/7/2023,2.5
Mizuna,Leafy Green,13,22/7/2023,3.8
Ruby Red Lettuce,Leafy Green,27,22/7/2023,4.0
Green Emerald Lettuce,Leafy Green,27,23/7/2023,4.0
Chye Sim,Leafy Green,46,23/7/2023,3.5
Mizuna,Leafy Green,10,24/7/2023,3.8
Green Emerald Lettuce,Leafy Green,22,24/7/2023,4.0
Chye Sim,Leafy Green,54,24/7/2023,3.5
Basil,Herb,17,24/7/2023,2.5
Basil,Herb,14,25/7/2023,2.5
Ruby Red Lettuce,Leafy Green,32,25/7/2023,4.0
Mizuna,Leafy Green,14,26/7/2023,3.8
Green Emerald Lettuce,Leafy Green,31,27/7/2023,4.0
Chye Sim,Leafy Green,41,27/7/2023,3.5
Ruby Red Lettuce,Leafy Green,27,27/7/2023,4.0
Mizuna,Leafy Green,13,28/7/2023,3.8
Mint,Herb,9,28/7/2023,2.5
Chye Sim,Leafy Green,48,28/7/2023,3.5
Green Emerald Lettuce,Leafy Green,36,29/7/2023,4.0
Ruby Red Lettuce,Leafy Green,35,29/7/2023,4.0
Basil,Herb,14,29/7/2023,2.5
Chye Sim,Leafy Green,50,30/7/2023,3.5
Ruby Red Lettuce,Leafy Green,34,30/7/2023,4.0
Mizuna,Leafy Green,11,30/7/2023,3.8
Green Emerald Lettuce,Leafy Green,40,31/7/2023,4.0
Mint,Herb,11,31/7/2023,2.5
Basil,Herb,16,1/8/2023,2.5
Mint,Herb,8,1/8/2023,2.5
Mizuna,Leafy Green,14,2/8/2023,3.8
Green Emerald Lettuce,Leafy Green,29,2/8/2023,4.0
Chye Sim,Leafy Green,48,2/8/2023,3.5
Ruby Red Lettuce,Leafy Green,25,3/8/2023,4.0
Green Emerald Lettuce,Leafy Green,36,4/8/2023,4.0
Ruby Red Lettuce,Leafy Green,36,5/8/2023,4.0
Mizuna,Leafy Green,11,5/8/2023,3.8
Chye Sim,Leafy Green,48,5/8/2023,3.5
Basil,Herb,12,6/8/2023,2.5
Chye Sim,Leafy Green,54,7/8/2023,3.5
Ruby Red Lettuce,Leafy Green,29,7/8/2023,4.0
Mint,Herb,7,8/8/2023,2.5
Basil,Herb,15,9/8/2023,2.5
Mizuna,Leafy Green,12,9/8/2023,3.8
Green Emerald Lettuce,Leafy Green,30,9/8/2023,4.0
Mizuna,Leafy Green,8,10/8/2023,3.8
Chye Sim,Leafy Green,38,10/8/2023,3.5
Green Emerald Lettuce,Leafy Green,17,10/8/2023,4.0
Mint,Herb,7,11/8/2023,2.5
Ruby Red Lettuce,Leafy Green,16,12/8/2023,4.0
Mint,Herb,10,14/8/2023,2.5
Mizuna,Leafy Green,11,15/8/2023,3.8
Green Emerald Lettuce,Leafy Green,36,15/8/2023,4.0
Ruby Red Lettuce,Leafy Green,21,15/8/2023,4.0
Chye Sim,Leafy Green,45,15/8/2023,3.5
Basil,Herb,16,16/8/2023,2.5
Green Emerald Lettuce,Leafy Green,32,16/8/2023,4.0
Basil,Herb,11,17/8/2023,2.5
Chye Sim,Leafy Green,45,17/8/2023,3.5
Ruby Red Lettuce,Leafy Green,18,17/8/2023,4.0
Mizuna,Leafy Green,13,17/8/2023,3.8
Mizuna,Leafy Green,11,18/8/2023,3.8
Green Emerald Lettuce,Leafy Green,25,18/8/2023,4.0
Chye Sim,Leafy Green,47,19/8/2023,3.5
Ruby Red Lettuce,Leafy Green,25,19/8/2023,4.0
Chye Sim,Leafy Green,32,20/8/2023,3.5
Mint,Herb,10,20/8/2023,2.5
Ruby Red Lettuce,Leafy Green,22,20/8/2023,4.0
Green Emerald Lettuce,Leafy Green,28,21/8/2023,4.0
Mizuna,Leafy Green,13,21/8/2023,3.8
Basil,Herb,16,22/8/2023,2.5
Chye Sim,Leafy Green,38,22/8/2023,3.5
Mizuna,Leafy Green,13,22/8/2023,3.8
Green Emerald Lettuce,Leafy Green,25,23/8/2023,4.0
Mint,Herb,8,23/8/2023,2.5
Ruby Red Lettuce,Leafy Green,19,23/8/2023,4.0
Chye Sim,Leafy Green,59,24/8/2023,3.5
Mizuna,Leafy Green,12,24/8/2023,3.8
Green Emerald Lettuce,Leafy Green,23,24/8/2023,4.0
Ruby Red Lettuce,Leafy Green,22,25/8/2023,4.0
Basil,Herb,13,25/8/2023,2.5
Chye Sim,Leafy Green,61,26/8/2023,3.5
Ruby Red Lettuce,Leafy Green,20,26/8/2023,4.0
Green Emerald Lettuce,Leafy Green,33,26/8/2023,4.0
Mizuna,Leafy Green,11,26/8/2023,3.8
Mint,Herb,10,27/8/2023,2.5
Chye Sim,Leafy Green,47,28/8/2023,3.5
Ruby Red Lettuce,Leafy Green,31,28/8/2023,4.0
Mizuna,Leafy Green,12,29/8/2023,3.8
Mint,Herb,7,29/8/2023,2.5
Green Emerald Lettuce,Leafy Green,38,29/8/2023,4.0
Ruby Red Lettuce,Leafy Green,28,30/8/2023,4.0
Basil,Herb,16,30/8/2023,2.5
Chye Sim,Leafy Green,53,30/8/2023,3.5
Mizuna,Leafy Green,14,31/8/2023,3.8
Green Emerald Lettuce,Leafy Green,23,31/8/2023,4.0
Mizuna,Leafy Green,10,1/9/2023,3.8
Ruby Red Lettuce,Leafy Green,14,1/9/2023,4.0
Green Emerald Lettuce,Leafy Green,24,1/9/2023,4.0
Chye Sim,Leafy Green,45,2/9/2023,3.5
Mint,Herb,10,2/9/2023,2.5
Ruby Red Lettuce,Leafy Green,19,4/9/2023,4.0
Green Emerald Lettuce,Leafy Green,24,4/9/2023,4.0
Basil,Herb,14,4/9/2023,2.5
Mint,Herb,7,5/9/2023,2.5
Chye Sim,Leafy Green,37,6/9/2023,3.5
Basil,Herb,12,6/9/2023,2.5
Mizuna,Leafy Green,14,6/9/2023,3.8
Green Emerald Lettuce,Leafy Green,28,7/9/2023,4.0
Chye Sim,Leafy Green,41,8/9/2023,3.5
Ruby Red Lettuce,Leafy Green,24,8/9/2023,4.0
Mint,Herb,9,9/9/2023,2.5
Mizuna,Leafy Green,15,9/9/2023,3.8
Mizuna,Leafy Green,18,10/9/2023,3.8
Ruby Red Lettuce,Leafy Green,21,11/9/2023,4.0
Chye Sim,Leafy Green,46,11/9/2023,3.5
Green Emerald Lettuce,Leafy Green,24,12/9/2023,4.0
Basil,Herb,15,12/9/2023,2.5
Chye Sim,Leafy Green,39,13/9/2023,3.5
Green Emerald Lettuce,Leafy Green,27,13/9/2023,4.0
Mizuna,Leafy Green,15,14/9/2023,3.8
Mint,Herb,8,15/9/2023,2.5
Ruby Red Lettuce,Leafy Green,23,15/9/2023,4.0
Basil,Herb,18,16/9/2023,2.5
Basil,Herb,14,17/9/2023,2.5
Mizuna,Leafy Green,14,17/9/2023,3.8
Chye Sim,Leafy Green,43,18/9/2023,3.5
Green Emerald Lettuce,Leafy Green,34,18/9/2023,4.0
Ruby Red Lettuce,Leafy Green,20,18/9/2023,4.0
Mint,Herb,9,18/9/2023,2.5
Mizuna,Leafy Green,16,19/9/2023,3.8
Chye Sim,Leafy Green,52,19/9/2023,3.5
Ruby Red Lettuce,Leafy Green,22,20/9/2023,4.0
Green Emerald Lettuce,Leafy Green,30,20/9/2023,4.0
Ruby Red Lettuce,Leafy Green,21,21/9/2023,4.0
Green Emerald Lettuce,Leafy Green,25,21/9/2023,4.0
Mizuna,Leafy Green,10,21/9/2023,3.8
Chye Sim,Leafy Green,41,22/9/2023,3.5
Basil,Herb,14,23/9/2023,2.5
Ruby Red Lettuce,Leafy Green,26,23/9/2023,4.0
Chye Sim,Leafy Green,51,24/9/2023,3.5
Mint,Herb,9,24/9/2023,2.5
Green Emerald Lettuce,Leafy Green,31,24/9/2023,4.0
Mizuna,Leafy Green,15,24/9/2023,3.8
Chye Sim,Leafy Green,38,25/9/2023,3.5
Basil,Herb,12,25/9/2023,2.5
Mizuna,Leafy Green,16,26/9/2023,3.8
Green Emerald Lettuce,Leafy Green,24,26/9/2023,4.0
Ruby Red Lettuce,Leafy Green,23,26/9/2023,4.0
Mint,Herb,10,27/9/2023,2.5
Green Emerald Lettuce,Leafy Green,18,27/9/2023,4.0
Ruby Red Lettuce,Leafy Green,23,27/9/2023,4.0
Mizuna,Leafy Green,11,28/9/2023,3.8
Mint,Herb,8,28/9/2023,2.5
Chye Sim,Leafy Green,49,28/9/2023,3.5
Basil,Herb,11,28/9/2023,2.5
Mizuna,Leafy Green,17,29/9/2023,3.8
Ruby Red Lettuce,Leafy Green,21,30/9/2023,4.0
Chye Sim,Leafy Green,55,30/9/2023,3.5
Green Emerald Lettuce,Leafy Green,22,30/9/2023,4.0
Green Emerald Lettuce,Leafy Green,38,1/10/2023,4.0
Ruby Red Lettuce,Leafy Green,24,1/10/2023,4.0
Chye Sim,Leafy Green,40,2/10/2023,3.5
Mizuna,Leafy Green,12,3/10/2023,3.8
Mint,Herb,8,3/10/2023,2.5
Mizuna,Leafy Green,18,4/10/2023,3.8
Basil,Herb,10,4/10/2023,2.5
Chye Sim,Leafy Green,35,4/10/2023,3.5
Green Emerald Lettuce,Leafy Green,36,6/10/2023,4.0
Ruby Red Lettuce,Leafy Green,22,6/10/2023,4.0
Mizuna,Leafy Green,16,7/10/2023,3.8
Mint,Herb,6,7/10/2023,2.5
Ruby Red Lettuce,Leafy Green,19,7/10/2023,4.0
Chye Sim,Leafy Green,39,8/10/2023,3.5
Basil,Herb,9,8/10/2023,2.5
Green Emerald Lettuce,Leafy Green,37,9/10/2023,4.0
Mint,Herb,6,9/10/2023,2.5
Basil,Herb,10,10/10/2023,2.5
Chye Sim,Leafy Green,44,10/10/2023,3.5
Ruby Red Lettuce,Leafy Green,20,11/10/2023,4.0
Green Emerald Lettuce,Leafy Green,27,11/10/2023,4.0
Mizuna,Leafy Green,13,12/10/2023,3.8
Ruby Red Lettuce,Leafy Green,16,14/10/2023,4.0
Mizuna,Leafy Green,13,14/10/2023,3.8
Chye Sim,Leafy Green,46,14/10/2023,3.5
Basil,Herb,13,14/10/2023,2.5
Green Emerald Lettuce,Leafy Green,25,15/10/2023,4.0
Mizuna,Leafy Green,15,16/10/2023,3.8
Mint,Herb,8,16/10/2023,2.5
Green Emerald Lettuce,Leafy Green,29,17/10/2023,4.0
Mint,Herb,7,17/10/2023,2.5
Chye Sim,Leafy Green,36,17/10/2023,3.5
Ruby Red Lettuce,Leafy Green,27,17/10/2023,4.0
Green Emerald Lettuce,Leafy Green,30,18/10/2023,4.0
Mizuna,Leafy Green,20,18/10/2023,3.8
Ruby Red Lettuce,Leafy Green,20,18/10/2023,4.0
Chye Sim,Leafy Green,47,18/10/2023,3.5
Basil,Herb,10,19/10/2023,2.5
Green Emerald Lettuce,Leafy Green,35,20/10/2023,4.0
Mizuna,Leafy Green,16,21/10/2023,3.8
Ruby Red Lettuce,Leafy Green,20,21/10/2023,4.0
Chye Sim,Leafy Green,50,21/10/2023,3.5
Green Emerald Lettuce,Leafy Green,22,22/10/2023,4.0
Mizuna,Leafy Green,12,22/10/2023,3.8
Chye Sim,Leafy Green,44,23/10/2023,3.5
Ruby Red Lettuce,Leafy Green,22,23/10/2023,4.0
Basil,Herb,9,23/10/2023,2.5
Mint,Herb,7,24/10/2023,2.5
Chye Sim,Leafy Green,53,24/10/2023,3.5
Ruby Red Lettuce,Leafy Green,21,24/10/2023,4.0
Basil,Herb,15,25/10/2023,2.5
Green Emerald Lettuce,Leafy Green,37,25/10/2023,4.0
Mizuna,Leafy Green,16,25/10/2023,3.8
Mizuna,Leafy Green,16,26/10/2023,3.8
Ruby Red Lettuce,Leafy Green,20,26/10/2023,4.0
Green Emerald Lettuce,Leafy Green,29,27/10/2023,4.0
Mint,Herb,8,27/10/2023,2.5
Chye Sim,Leafy Green,36,27/10/2023,3.5
Mizuna,Leafy Green,9,28/10/2023,3.8
Ruby Red Lettuce,Leafy Green,17,28/10/2023,4.0
Chye Sim,Leafy Green,33,28/10/2023,3.5
Mint,Herb,7,29/10/2023,2.5
Green Emerald Lettuce,Leafy Green,28,29/10/2023,4.0
Basil,Herb,11,29/10/2023,2.5
Chye Sim,Leafy Green,30,30/10/2023,3.5
Ruby Red Lettuce,Leafy Green,21,31/10/2023,4.0
Green Emerald Lettuce,Leafy Green,25,31/10/2023,4.0
Mizuna,Leafy Green,16,31/10/2023,3.8
Green Emerald Lettuce,Leafy Green,37,1/11/2023,4.0
Basil,Herb,9,1/11/2023,2.5
Mint,Herb,7,1/11/2023,2.5
Chye Sim,Leafy Green,33,3/11/2023,3.5
Mizuna,Leafy Green,17,3/11/2023,3.8
Ruby Red Lettuce,Leafy Green,18,3/11/2023,4.0
Mizuna,Leafy Green,21,4/11/2023,3.8
Green Emerald Lettuce,Leafy Green,35,4/11/2023,4.0
Chye Sim,Leafy Green,38,4/11/2023,3.5
Mint,Herb,5,5/11/2023,2.5
Basil,Herb,10,6/11/2023,2.5
Ruby Red Lettuce,Leafy Green,28,6/11/2023,4.0
Mizuna,Leafy Green,16,7/11/2023,3.8
Chye Sim,Leafy Green,36,7/11/2023,3.5
Green Emerald Lettuce,Leafy Green,31,8/11/2023,4.0
Basil,Herb,10,9/11/2023,2.5
Ruby Red Lettuce,Leafy Green,25,9/11/2023,4.0
Chye Sim,Leafy Green,46,10/11/2023,3.5
Ruby Red Lettuce,Leafy Green,27,11/11/2023,4.0
Mint,Herb,6,11/11/2023,2.5
Green Emerald Lettuce,Leafy Green,39,11/11/2023,4.0
Mizuna,Leafy Green,14,12/11/2023,3.8
Chye Sim,Leafy Green,22,13/11/2023,3.5
Basil,Herb,11,14/11/2023,2.5
Green Emerald Lettuce,Leafy Green,28,14/11/2023,4.0
Mizuna,Leafy Green,14,14/11/2023,3.8
Ruby Red Lettuce,Leafy Green,25,14/11/2023,4.0
Mint,Herb,8,15/11/2023,2.5
Ruby Red Lettuce,Leafy Green,18,16/11/2023,4.0
Mizuna,Leafy Green,20,17/11/2023,3.8
Chye Sim,Leafy Green,43,17/11/2023,3.5
Green Emerald Lettuce,Leafy Green,36,18/11/2023,4.0
Basil,Herb,10,18/11/2023,2.5
Ruby Red Lettuce,Leafy Green,11,19/11/2023,4.0
Green Emerald Lettuce,Leafy Green,20,19/11/2023,4.0
Chye Sim,Leafy Green,24,19/11/2023,3.5
Mint,Herb,5,20/11/2023,2.5
Mizuna,Leafy Green,11,20/11/2023,3.8
Green Emerald Lettuce,Leafy Green,35,21/11/2023,4.0
Chye Sim,Leafy Green,36,22/11/2023,3.5
Mizuna,Leafy Green,32,22/11/2023,3.8
Ruby Red Lettuce,Leafy Green,33,22/11/2023,4.0
Green Emerald Lettuce,Leafy Green,39,23/11/2023,4.0
Basil,Herb,11,23/11/2023,2.5
Mizuna,Leafy Green,13,23/11/2023,3.8
Mint,Herb,5,24/11/2023,2.5
Chye Sim,Leafy Green,29,24/11/2023,3.5
Ruby Red Lettuce,Leafy Green,15,24/11/2023,4.0
Mizuna,Leafy Green,12,25/11/2023,3.8
Chye Sim,Leafy Green,19,25/11/2023,3.5
Green Emerald Lettuce,Leafy Green,27,26/11/2023,4.0
Ruby Red Lettuce,Leafy Green,25,26/11/2023,4.0
Mint,Herb,7,26/11/2023,2.5
Green Emerald Lettuce,Leafy Green,38,27/11/2023,4.0
Basil,Herb,9,27/11/2023,2.5
Mizuna,Leafy Green,19,27/11/2023,3.8
Chye Sim,Leafy Green,29,27/11/2023,3.5
Ruby Red Lettuce,Leafy Green,21,28/11/2023,4.0
Green Emerald Lettuce,Leafy Green,32,29/11/2023,4.0
Ruby Red Lettuce,Leafy Green,21,29/11/2023,4.0
Basil,Herb,9,29/11/2023,2.5
Mint,Herb,7,30/11/2023,2.5
Mizuna,Leafy Green,18,30/11/2023,3.8
Chye Sim,Leafy Green,33,30/11/2023,3.5
Mizuna,Leafy Green,25,1/12/2023,3.8
Basil,Herb,9,2/12/2023,2.5
Chye Sim,Leafy Green,38,2/12/2023,3.5
Green Emerald Lettuce,Leafy Green,31,2/12/2023,4.0
Ruby Red Lettuce,Leafy Green,20,2/12/2023,4.0
Mint,Herb,6,4/12/2023,2.5
Mizuna,Leafy Green,18,5/12/2023,3.8
Green Emerald Lettuce,Leafy Green,51,5/12/2023,4.0
Ruby Red Lettuce,Leafy Green,22,6/12/2023,4.0
Chye Sim,Leafy Green,37,6/12/2023,3.5
Mint,Herb,5,7/12/2023,2.5
Chye Sim,Leafy Green,43,7/12/2023,3.5
Basil,Herb,7,7/12/2023,2.5
Green Emerald Lettuce,Leafy Green,39,7/12/2023,4.0
Mizuna,Leafy Green,25,9/12/2023,3.8
Ruby Red Lettuce,Leafy Green,25,9/12/2023,4.0
Green Emerald Lettuce,Leafy Green,38,10/12/2023,4.0
Chye Sim,Leafy Green,36,11/12/2023,3.5
Ruby Red Lettuce,Leafy Green,27,11/12/2023,4.0
Mint,Herb,7,12/12/2023,2.5
Mizuna,Leafy Green,22,12/12/2023,3.8
Basil,Herb,9,12/12/2023,2.5
Mizuna,Leafy Green,18,13/12/2023,3.8
Ruby Red Lettuce,Leafy Green,22,13/12/2023,4.0
Basil,Herb,9,13/12/2023,2.5
Chye Sim,Leafy Green,44,14/12/2023,3.5
Green Emerald Lettuce,Leafy Green,32,14/12/2023,4.0
Mint,Herb,6,15/12/2023,2.5
Mizuna,Leafy Green,22,16/12/2023,3.8
Green Emerald Lettuce,Leafy Green,41,16/12/2023,4.0
Chye Sim,Leafy Green,31,17/12/2023,3.5
Ruby Red Lettuce,Leafy Green,26,17/12/2023,4.0
Ruby Red Lettuce,Leafy Green,22,18/12/2023,4.0
Chye Sim,Leafy Green,48,18/12/2023,3.5
Mizuna,Leafy Green,11,19/12/2023,3.8
Basil,Herb,4,19/12/2023,2.5
Green Emerald Lettuce,Leafy Green,17,19/12/2023,4.0
Green Emerald Lettuce,Leafy Green,28,20/12/2023,4.0
Mint,Herb,5,20/12/2023,2.5
Mizuna,Leafy Green,17,20/12/2023,3.8
Chye Sim,Leafy Green,46,21/12/2023,3.5
Ruby Red Lettuce,Leafy Green,22,21/12/2023,4.0
Basil,Herb,10,21/12/2023,2.5
Mizuna,Leafy Green,19,22/12/2023,3.8
Ruby Red Lettuce,Leafy Green,24,22/12/2023,4.0
Chye Sim,Leafy Green,44,23/12/2023,3.5
Green Emerald Lettuce,Leafy Green,53,23/12/2023,4.0
Mint,Herb,3,24/12/2023,2.5
Chye Sim,Leafy Green,37,24/12/2023,3.5
Basil,Herb,4,25/12/2023,2.5
Mizuna,Leafy Green,9,25/12/2023,3.8
Green Emerald Lettuce,Leafy Green,18,25/12/2023,4.0
Ruby Red Lettuce,Leafy Green,10,25/12/2023,4.0
Ruby Red Lettuce,Leafy Green,20,26/12/2023,4.0
Mizuna,Leafy Green,19,26/12/2023,3.8
Green Emerald Lettuce,Leafy Green,43,27/12/2023,4.0
Mint,Herb,5,27/12/2023,2.5
Chye Sim,Leafy Green,52,27/12/2023,3.5
Green Emerald Lettuce,Leafy Green,33,28/12/2023,4.0
Mint,Herb,7,29/12/2023,2.5
Mizuna,Leafy Green,20,29/12/2023,3.8
Ruby Red Lettuce,Leafy Green,21,29/12/2023,4.0
Chye Sim,Leafy Green,48,29/12/2023,3.5
Basil,Herb,9,29/12/2023,2.5
Ruby Red Lettuce,Leafy Green,29,30/12/2023,4.0
Mizuna,Leafy Green,22,31/12/2023,3.8
Green Emerald Lettuce,Leafy Green,36,31/12/2023,4.0
Chye Sim,Leafy Green,30,31/12/2023,3.5
Green Emerald Lettuce,Leafy Green,45,1/1/2024,4.0
Basil,Herb,10,1/1/2024,2.5
Mizuna,Leafy Green,21,1/1/2024,3.8
Chye Sim,Leafy Green,57,3/1/2024,3.5
Ruby Red Lettuce,Leafy Green,24,3/1/2024,4.0
Chye Sim,Leafy Green,64,4/1/2024,3.5
Mint,Herb,7,4/1/2024,2.5
Green Emerald Lettuce,Leafy Green,32,4/1/2024,4.0
Ruby Red Lettuce,Leafy Green,27,5/1/2024,4.0
Mizuna,Leafy Green,26,5/1/2024,3.8
Chye Sim,Leafy Green,58,7/1/2024,3.5
Mizuna,Leafy Green,18,8/1/2024,3.8
Basil,Herb,10,8/1/2024,2.5
Ruby Red Lettuce,Leafy Green,26,8/1/2024,4.0
Mint,Herb,9,8/1/2024,2.5
Green Emerald Lettuce,Leafy Green,31,8/1/2024,4.0
Mint,Herb,7,10/1/2024,2.5
Mizuna,Leafy Green,24,10/1/2024,3.8
Ruby Red Lettuce,Leafy Green,34,11/1/2024,4.0
Chye Sim,Leafy Green,58,11/1/2024,3.5
Green Emerald Lettuce,Leafy Green,41,11/1/2024,4.0
Basil,Herb,10,11/1/2024,2.5
Mint,Herb,9,13/1/2024,2.5
Ruby Red Lettuce,Leafy Green,29,14/1/2024,4.0
Green Emerald Lettuce,Leafy Green,41,14/1/2024,4.0
Mizuna,Leafy Green,20,15/1/2024,3.8
Chye Sim,Leafy Green,66,15/1/2024,3.5
Mizuna,Leafy Green,21,16/1/2024,3.8
Green Emerald Lettuce,Leafy Green,31,16/1/2024,4.0
Basil,Herb,10,16/1/2024,2.5
Ruby Red Lettuce,Leafy Green,33,17/1/2024,4.0
Chye Sim,Leafy Green,53,17/1/2024,3.5
Basil,Herb,10,18/1/2024,2.5
Ruby Red Lettuce,Leafy Green,22,18/1/2024,4.0
Green Emerald Lettuce,Leafy Green,31,18/1/2024,4.0
Chye Sim,Leafy Green,59,18/1/2024,3.5
Mizuna,Leafy Green,23,19/1/2024,3.8
Mint,Herb,8,19/1/2024,2.5
Green Emerald Lettuce,Leafy Green,32,20/1/2024,4.0
Ruby Red Lettuce,Leafy Green,29,20/1/2024,4.0
Chye Sim,Leafy Green,54,20/1/2024,3.5
Mizuna,Leafy Green,17,21/1/2024,3.8
Mint,Herb,6,21/1/2024,2.5
Mizuna,Leafy Green,22,22/1/2024,3.8
Green Emerald Lettuce,Leafy Green,27,22/1/2024,4.0
Chye Sim,Leafy Green,54,23/1/2024,3.5
Ruby Red Lettuce,Leafy Green,32,23/1/2024,4.0
Basil,Herb,13,24/1/2024,2.5
Green Emerald Lettuce,Leafy Green,29,24/1/2024,4.0
Ruby Red Lettuce,Leafy Green,28,25/1/2024,4.0
Chye Sim,Leafy Green,55,25/1/2024,3.5
Mizuna,Leafy Green,21,25/1/2024,3.8
Mizuna,Leafy Green,22,26/1/2024,3.8
Green Emerald Lettuce,Leafy Green,28,26/1/2024,4.0
Basil,Herb,13,26/1/2024,2.5
Ruby Red Lettuce,Leafy Green,33,27/1/2024,4.0
Chye Sim,Leafy Green,60,27/1/2024,3.5
Chye Sim,Leafy Green,54,28/1/2024,3.5
Green Emerald Lettuce,Leafy Green,30,28/1/2024,4.0
Mint,Herb,10,28/1/2024,2.5
Mizuna,Leafy Green,22,28/1/2024,3.8
Mint,Herb,10,29/1/2024,2.5
Basil,Herb,10,29/1/2024,2.5
Ruby Red Lettuce,Leafy Green,26,29/1/2024,4.0
Mizuna,Leafy Green,29,30/1/2024,3.8
Chye Sim,Leafy Green,69,30/1/2024,3.5
Green Emerald Lettuce,Leafy Green,33,31/1/2024,4.0
Ruby Red Lettuce,Leafy Green,34,31/1/2024,4.0
Chye Sim,Leafy Green,48,1/2/2024,3.5
Mizuna,Leafy Green,24,2/2/2024,3.8
Mint,Herb,11,2/2/2024,2.5
Green Emerald Lettuce,Leafy Green,41,2/2/2024,4.0
Ruby Red Lettuce,Leafy Green,23,3/2/2024,4.0
Green Emerald Lettuce,Leafy Green,44,4/2/2024,4.0
Chye Sim,Leafy Green,50,4/2/2024,3.5
Basil,Herb,13,4/2/2024,2.5
Mint,Herb,8,5/2/2024,2.5
Basil,Herb,15,5/2/2024,2.5
Ruby Red Lettuce,Leafy Green,26,5/2/2024,4.0
Mizuna,Leafy Green,22,6/2/2024,3.8
Chye Sim,Leafy Green,39,7/2/2024,3.5
Ruby Red Lettuce,Leafy Green,25,7/2/2024,4.0
Green Emerald Lettuce,Leafy Green,43,8/2/2024,4.0
Mizuna,Leafy Green,23,9/2/2024,3.8
Basil,Herb,12,10/2/2024,2.5
Mint,Herb,9,11/2/2024,2.5
Green Emerald Lettuce,Leafy Green,41,11/2/2024,4.0
Chye Sim,Leafy Green,79,11/2/2024,3.5
Ruby Red Lettuce,Leafy Green,30,11/2/2024,4.0
Mizuna,Leafy Green,27,12/2/2024,3.8
Mint,Herb,8,13/2/2024,2.5
Basil,Herb,13,14/2/2024,2.5
Mizuna,Leafy Green,24,14/2/2024,3.8
Green Emerald Lettuce,Leafy Green,44,14/2/2024,4.0
Chye Sim,Leafy Green,58,14/2/2024,3.5
Ruby Red Lettuce,Leafy Green,35,14/2/2024,4.0
Chye Sim,Leafy Green,69,16/2/2024,3.5
Mizuna,Leafy Green,23,16/2/2024,3.8
Ruby Red Lettuce,Leafy Green,23,17/2/2024,4.0
Green Emerald Lettuce,Leafy Green,45,17/2/2024,4.0
Ruby Red Lettuce,Leafy Green,23,18/2/2024,4.0
Chye Sim,Leafy Green,51,18/2/2024,3.5
Green Emerald Lettuce,Leafy Green,46,19/2/2024,4.0
Mint,Herb,11,19/2/2024,2.5
Mizuna,Leafy Green,18,19/2/2024,3.8
Basil,Herb,13,20/2/2024,2.5
Chye Sim,Leafy Green,46,20/2/2024,3.5
Ruby Red Lettuce,Leafy Green,29,20/2/2024,4.0
Mizuna,Leafy Green,26,21/2/2024,3.8
Green Emerald Lettuce,Leafy Green,42,21/2/2024,4.0
Mint,Herb,7,22/2/2024,2.5
Green Emerald Lettuce,Leafy Green,37,22/2/2024,4.0
Basil,Herb,13,22/2/2024,2.5
Mizuna,Leafy Green,25,23/2/2024,3.8
Ruby Red Lettuce,Leafy Green,28,23/2/2024,4.0
Chye Sim,Leafy Green,42,23/2/2024,3.5
Mint,Herb,8,24/2/2024,2.5
Mizuna,Leafy Green,31,24/2/2024,3.8
Green Emerald Lettuce,Leafy Green,39,25/2/2024,4.0
Ruby Red Lettuce,Leafy Green,32,25/2/2024,4.0
Chye Sim,Leafy Green,47,25/2/2024,3.5
Basil,Herb,11,25/2/2024,2.5
Ruby Red Lettuce,Leafy Green,27,26/2/2024,4.0
Chye Sim,Leafy Green,52,26/2/2024,3.5
Green Emerald Lettuce,Leafy Green,45,26/2/2024,4.0
Mizuna,Leafy Green,22,26/2/2024,3.8
Ruby Red Lettuce,Leafy Green,24,28/2/2024,4.0
Green Emerald Lettuce,Leafy Green,33,28/2/2024,4.0
Basil,Herb,13,28/2/2024,2.5
Mizuna,Leafy Green,24,29/2/2024,3.8
Chye Sim,Leafy Green,67,29/2/2024,3.5
Mint,Herb,10,29/2/2024,2.5
Basil,Herb,16,1/3/2024,2.5
Green Emerald Lettuce,Leafy Green,42,2/3/2024,4.0
Mizuna,Leafy Green,32,2/3/2024,3.8
Chye Sim,Leafy Green,59,2/3/2024,3.5
Ruby Red Lettuce,Leafy Green,32,3/3/2024,4.0
Mizuna,Leafy Green,25,4/3/2024,3.8
Mint,Herb,10,4/3/2024,2.5
Chye Sim,Leafy Green,47,4/3/2024,3.5
Ruby Red Lettuce,Leafy Green,31,5/3/2024,4.0
Green Emerald Lettuce,Leafy Green,49,5/3/2024,4.0
Mint,Herb,10,6/3/2024,2.5
Basil,Herb,15,7/3/2024,2.5
Basil,Herb,12,9/3/2024,2.5
Mizuna,Leafy Green,20,9/3/2024,3.8
Chye Sim,Leafy Green,44,9/3/2024,3.5
Ruby Red Lettuce,Leafy Green,28,9/3/2024,4.0
Green Emerald Lettuce,Leafy Green,45,9/3/2024,4.0
Chye Sim,Leafy Green,61,10/3/2024,3.5
Mizuna,Leafy Green,26,11/3/2024,3.8
Ruby Red Lettuce,Leafy Green,36,11/3/2024,4.0
Mint,Herb,11,11/3/2024,2.5
Green Emerald Lettuce,Leafy Green,45,12/3/2024,4.0
Green Emerald Lettuce,Leafy Green,46,13/3/2024,4.0
Mint,Herb,7,13/3/2024,2.5
Ruby Red Lettuce,Leafy Green,24,13/3/2024,4.0
Basil,Herb,14,14/3/2024,2.5
Mizuna,Leafy Green,23,15/3/2024,3.8
Chye Sim,Leafy Green,37,15/3/2024,3.5
Green Emerald Lettuce,Leafy Green,45,16/3/2024,4.0
Mizuna,Leafy Green,28,16/3/2024,3.8
Ruby Red Lettuce,Leafy Green,22,16/3/2024,4.0
Chye Sim,Leafy Green,32,16/3/2024,3.5
Basil,Herb,14,17/3/2024,2.5
Green Emerald Lettuce,Leafy Green,46,18/3/2024,4.0
Ruby Red Lettuce,Leafy Green,25,18/3/2024,4.0
Mint,Herb,10,18/3/2024,2.5
Mizuna,Leafy Green,23,19/3/2024,3.8
Chye Sim,Leafy Green,51,19/3/2024,3.5
Mizuna,Leafy Green,13,20/3/2024,3.8
Chye Sim,Leafy Green,26,20/3/2024,3.5
Green Emerald Lettuce,Leafy Green,30,21/3/2024,4.0
Ruby Red Lettuce,Leafy Green,16,21/3/2024,4.0
Mint,Herb,5,22/3/2024,2.5
Chye Sim,Leafy Green,24,22/3/2024,3.5
Mizuna,Leafy Green,10,23/3/2024,3.8
Basil,Herb,6,23/3/2024,2.5
Green Emerald Lettuce,Leafy Green,26,23/3/2024,4.0
Ruby Red Lettuce,Leafy Green,17,23/3/2024,4.0
Green Emerald Lettuce,Leafy Green,28,24/3/2024,4.0
Chye Sim,Leafy Green,31,24/3/2024,3.5
Mizuna,Leafy Green,13,25/3/2024,3.8
Ruby Red Lettuce,Leafy Green,16,25/3/2024,4.0
Mint,Herb,9,26/3/2024,2.5
Mizuna,Leafy Green,16,26/3/2024,3.8
Ruby Red Lettuce,Leafy Green,30,26/3/2024,4.0
Green Emerald Lettuce,Leafy Green,42,27/3/2024,4.0
Chye Sim,Leafy Green,49,27/3/2024,3.5
Green Emerald Lettuce,Leafy Green,52,28/3/2024,4.0
Basil,Herb,17,28/3/2024,2.5
Chye Sim,Leafy Green,44,28/3/2024,3.5
Mizuna,Leafy Green,19,29/3/2024,3.8
Basil,Herb,16,29/3/2024,2.5
Ruby Red Lettuce,Leafy Green,23,29/3/2024,4.0
Green Emerald Lettuce,Leafy Green,38,30/3/2024,4.0
Ruby Red Lettuce,Leafy Green,35,30/3/2024,4.0
Chye Sim,Leafy Green,38,30/3/2024,3.5
Mint,Herb,10,31/3/2024,2.5
Mizuna,Leafy Green,28,31/3/2024,3.8
Ruby Red Lettuce,Leafy Green,37,1/4/2024,4.0
Chye Sim,Leafy Green,61,2/4/2024,3.5
Mizuna,Leafy Green,25,3/4/2024,3.8
Green Emerald Lettuce,Leafy Green,51,3/4/2024,4.0
Mint,Herb,12,4/4/2024,2.5
Basil,Herb,15,4/4/2024,2.5
Green Emerald Lettuce,Leafy Green,43,4/4/2024,4.0
Mizuna,Leafy Green,25,5/4/2024,3.8
Ruby Red Lettuce,Leafy Green,29,5/4/2024,4.0
Chye Sim,Leafy Green,53,6/4/2024,3.5
Basil,Herb,18,6/4/2024,2.5
Mint,Herb,12,8/4/2024,2.5
Mizuna,Leafy Green,21,8/4/2024,3.8
Green Emerald Lettuce,Leafy Green,47,8/4/2024,4.0
Mint,Herb,10,9/4/2024,2.5
Chye Sim,Leafy Green,44,9/4/2024,3.5
Ruby Red Lettuce,Leafy Green,38,9/4/2024,4.0
Mizuna,Leafy Green,29,10/4/2024,3.8
Green Emerald Lettuce,Leafy Green,62,11/4/2024,4.0
Basil,Herb,17,11/4/2024,2.5
Chye Sim,Leafy Green,52,12/4/2024,3.5
Ruby Red Lettuce,Leafy Green,33,12/4/2024,4.0
Mint,Herb,10,13/4/2024,2.5
Green Emerald Lettuce,Leafy Green,59,13/4/2024,4.0
Basil,Herb,12,13/4/2024,2.5
Ruby Red Lettuce,Leafy Green,42,13/4/2024,4.0
Chye Sim,Leafy Green,58,13/4/2024,3.5
Mizuna,Leafy Green,19,14/4/2024,3.8
Green Emerald Lettuce,Leafy Green,50,16/4/2024,4.0
Mizuna,Leafy Green,18,16/4/2024,3.8
Basil,Herb,19,17/4/2024,2.5
Ruby Red Lettuce,Leafy Green,28,18/4/2024,4.0
Chye Sim,Leafy Green,55,18/4/2024,3.5
Ruby Red Lettuce,Leafy Green,40,19/4/2024,4.0
Green Emerald Lettuce,Leafy Green,47,19/4/2024,4.0
Chye Sim,Leafy Green,48,20/4/2024,3.5
Mint,Herb,11,20/4/2024,2.5
Mizuna,Leafy Green,24,20/4/2024,3.8
Ruby Red Lettuce,Leafy Green,33,21/4/2024,4.0
Green Emerald Lettuce,Leafy Green,48,21/4/2024,4.0
Mint,Herb,13,22/4/2024,2.5
Mizuna,Leafy Green,27,22/4/2024,3.8
Chye Sim,Leafy Green,43,22/4/2024,3.5
Ruby Red Lettuce,Leafy Green,29,23/4/2024,4.0
Mizuna,Leafy Green,29,23/4/2024,3.8
Basil,Herb,19,23/4/2024,2.5
Chye Sim,Leafy Green,53,24/4/2024,3.5
Green Emerald Lettuce,Leafy Green,51,24/4/2024,4.0
Mizuna,Leafy Green,22,25/4/2024,3.8
Mint,Herb,12,25/4/2024,2.5
Basil,Herb,14,26/4/2024,2.5
Chye Sim,Leafy Green,51,26/4/2024,3.5
Green Emerald Lettuce,Leafy Green,40,26/4/2024,4.0
Ruby Red Lettuce,Leafy Green,29,26/4/2024,4.0
Green Emerald Lettuce,Leafy Green,45,27/4/2024,4.0
Chye Sim,Leafy Green,54,27/4/2024,3.5
Mizuna,Leafy Green,27,27/4/2024,3.8
Ruby Red Lettuce,Leafy Green,30,27/4/2024,4.0
Basil,Herb,8,29/4/2024,2.5
Mint,Herb,7,30/4/2024,2.5
Chye Sim,Leafy Green,33,30/4/2024,3.5
Green Emerald Lettuce,Leafy Green,22,30/4/2024,4.0
Mizuna,Leafy Green,14,30/4/2024,3.8
Ruby Red Lettuce,Leafy Green,21,30/4/2024,4.0
Chye Sim,Leafy Green,48,1/5/2024,3.5
Mint,Herb,12,1/5/2024,2.5
Green Emerald Lettuce,Leafy Green,47,1/5/2024,4.0
Basil,Herb,13,2/5/2024,2.5
Mizuna,Leafy Green,14,2/5/2024,3.8
Ruby Red Lettuce,Leafy Green,13,3/5/2024,4.0
Mizuna,Leafy Green,7,4/5/2024,3.8
Ruby Red Lettuce,Leafy Green,40,5/5/2024,4.0
Mint,Herb,15,5/5/2024,2.5
Basil,Herb,20,5/5/2024,2.5
Chye Sim,Leafy Green,30,5/5/2024,3.5
Green Emerald Lettuce,Leafy Green,53,6/5/2024,4.0
Green Emerald Lettuce,Leafy Green,49,9/5/2024,4.0
Ruby Red Lettuce,Leafy Green,33,9/5/2024,4.0
Chye Sim,Leafy Green,63,9/5/2024,3.5
Mizuna,Leafy Green,12,9/5/2024,3.8
Ruby Red Lettuce,Leafy Green,27,10/5/2024,4.0
Chye Sim,Leafy Green,39,10/5/2024,3.5
Basil,Herb,19,11/5/2024,2.5
Mint,Herb,14,12/5/2024,2.5
Green Emerald Lettuce,Leafy Green,50,12/5/2024,4.0
Mizuna,Leafy Green,28,12/5/2024,3.8
Basil,Herb,20,14/5/2024,2.5
Green Emerald Lettuce,Leafy Green,51,14/5/2024,4.0
Mint,Herb,10,14/5/2024,2.5
Mizuna,Leafy Green,21,15/5/2024,3.8
Ruby Red Lettuce,Leafy Green,33,15/5/2024,4.0
Chye Sim,Leafy Green,51,15/5/2024,3.5
Green Emerald Lettuce,Leafy Green,51,16/5/2024,4.0
Ruby Red Lettuce,Leafy Green,43,16/5/2024,4.0
Mint,Herb,16,17/5/2024,2.5
Mizuna,Leafy Green,25,17/5/2024,3.8
Chye Sim,Leafy Green,44,17/5/2024,3.5
Mizuna,Leafy Green,18,18/5/2024,3.8
Green Emerald Lettuce,Leafy Green,57,18/5/2024,4.0
Ruby Red Lettuce,Leafy Green,40,18/5/2024,4.0
Chye Sim,Leafy Green,43,19/5/2024,3.5
Green Emerald Lettuce,Leafy Green,52,20/5/2024,4.0
Basil,Herb,26,20/5/2024,2.5
Ruby Red Lettuce,Leafy Green,33,21/5/2024,4.0
Chye Sim,Leafy Green,63,21/5/2024,3.5
Mizuna,Leafy Green,23,21/5/2024,3.8
Mint,Herb,10,21/5/2024,2.5
Green Emerald Lettuce,Leafy Green,57,22/5/2024,4.0
Basil,Herb,19,23/5/2024,2.5
Chye Sim,Leafy Green,50,23/5/2024,3.5
Ruby Red Lettuce,Leafy Green,33,23/5/2024,4.0
Mizuna,Leafy Green,18,23/5/2024,3.8
Chye Sim,Leafy Green,56,24/5/2024,3.5
Green Emerald Lettuce,Leafy Green,51,24/5/2024,4.0
Mizuna,Leafy Green,19,24/5/2024,3.8
Basil,Herb,20,25/5/2024,2.5
Ruby Red Lettuce,Leafy Green,33,25/5/2024,4.0
Mint,Herb,13,26/5/2024,2.5
Ruby Red Lettuce,Leafy Green,46,26/5/2024,4.0
Mizuna,Leafy Green,27,26/5/2024,3.8
Green Emerald Lettuce,Leafy Green,52,26/5/2024,4.0
Chye Sim,Leafy Green,53,26/5/2024,3.5
Ruby Red Lettuce,Leafy Green,37,28/5/2024,4.0
Chye Sim,Leafy Green,57,28/5/2024,3.5
Mizuna,Leafy Green,20,29/5/2024,3.8
Green Emerald Lettuce,Leafy Green,36,29/5/2024,4.0
Basil,Herb,22,29/5/2024,2.5
Ruby Red Lettuce,Leafy Green,37,30/5/2024,4.0
Mint,Herb,11,31/5/2024,2.5
Mizuna,Leafy Green,22,31/5/2024,3.8
Green Emerald Lettuce,Leafy Green,58,31/5/2024,4.0
Chye Sim,Leafy Green,54,31/5/2024,3.5
Ruby Red Lettuce,Leafy Green,37,1/6/2024,4.0
Chye Sim,Leafy Green,59,2/6/2024,3.5
Mizuna,Leafy Green,22,3/6/2024,3.8
Basil,Herb,15,3/6/2024,2.5
Green Emerald Lettuce,Leafy Green,43,3/6/2024,4.0
Mint,Herb,12,3/6/2024,2.5
Mizuna,Leafy Green,26,4/6/2024,3.8
Chye Sim,Leafy Green,62,5/6/2024,3.5
Green Emerald Lettuce,Leafy Green,38,5/6/2024,4.0
Mint,Herb,16,5/6/2024,2.5
Ruby Red Lettuce,Leafy Green,47,6/6/2024,4.0
Chye Sim,Leafy Green,62,7/6/2024,3.5
Green Emerald Lettuce,Leafy Green,59,7/6/2024,4.0
Mizuna,Leafy Green,23,8/6/2024,3.8
Basil,Herb,20,8/6/2024,2.5
Ruby Red Lettuce,Leafy Green,38,8/6/2024,4.0
Basil,Herb,18,9/6/2024,2.5
Ruby Red Lettuce,Leafy Green,39,10/6/2024,4.0
Green Emerald Lettuce,Leafy Green,54,10/6/2024,4.0
Mizuna,Leafy Green,21,11/6/2024,3.8
Mint,Herb,12,11/6/2024,2.5
Chye Sim,Leafy Green,63,11/6/2024,3.5
Ruby Red Lettuce,Leafy Green,38,13/6/2024,4.0
Chye Sim,Leafy Green,74,13/6/2024,3.5
Green Emerald Lettuce,Leafy Green,42,13/6/2024,4.0
Mizuna,Leafy Green,21,14/6/2024,3.8
Basil,Herb,17,14/6/2024,2.5
Mint,Herb,13,15/6/2024,2.5
Mizuna,Leafy Green,22,16/6/2024,3.8
Green Emerald Lettuce,Leafy Green,63,16/6/2024,4.0
Chye Sim,Leafy Green,63,17/6/2024,3.5
Basil,Herb,21,17/6/2024,2.5
Ruby Red Lettuce,Leafy Green,39,17/6/2024,4.0
Mint,Herb,15,18/6/2024,2.5
Mizuna,Leafy Green,21,19/6/2024,3.8
Green Emerald Lettuce,Leafy Green,54,20/6/2024,4.0
Chye Sim,Leafy Green,57,20/6/2024,3.5
Ruby Red Lettuce,Leafy Green,32,20/6/2024,4.0
Green Emerald Lettuce,Leafy Green,45,21/6/2024,4.0
Mizuna,Leafy Green,20,21/6/2024,3.8
Ruby Red Lettuce,Leafy Green,30,22/6/2024,4.0
Chye Sim,Leafy Green,68,22/6/2024,3.5
Mizuna,Leafy Green,19,23/6/2024,3.8
Mint,Herb,12,23/6/2024,2.5
Ruby Red Lettuce,Leafy Green,48,23/6/2024,4.0
Chye Sim,Leafy Green,70,24/6/2024,3.5
Green Emerald Lettuce,Leafy Green,29,24/6/2024,4.0
Basil,Herb,25,24/6/2024,2.5
Mizuna,Leafy Green,19,25/6/2024,3.8
Mint,Herb,14,25/6/2024,2.5
Green Emerald Lettuce,Leafy Green,64,25/6/2024,4.0
Chye Sim,Leafy Green,48,26/6/2024,3.5
Ruby Red Lettuce,Leafy Green,34,26/6/2024,4.0
Basil,Herb,24,27/6/2024,2.5
Chye Sim,Leafy Green,65,28/6/2024,3.5
Green Emerald Lettuce,Leafy Green,37,28/6/2024,4.0
Ruby Red Lettuce,Leafy Green,33,28/6/2024,4.0
Mizuna,Leafy Green,17,28/6/2024,3.8
Chye Sim,Leafy Green,65,29/6/2024,3.5
Mizuna,Leafy Green,18,29/6/2024,3.8
Mint,Herb,11,29/6/2024,2.5
Ruby Red Lettuce,Leafy Green,26,30/6/2024,4.0
Green Emerald Lettuce,Leafy Green,35,30/6/2024,4.0
Basil,Herb,16,30/6/2024,2.5
Green Emerald Lettuce,Leafy Green,38,3/7/2024,4.0
Mizuna,Leafy Green,13,3/7/2024,3.8
Ruby Red Lettuce,Leafy Green,36,3/7/2024,4.0
Chye Sim,Leafy Green,59,3/7/2024,3.5
Mint,Herb,9,4/7/2024,2.5
Basil,Herb,19,4/7/2024,2.5
Green Emerald Lettuce,Leafy Green,57,4/7/2024,4.0
Ruby Red Lettuce,Leafy Green,32,4/7/2024,4.0
Mizuna,Leafy Green,17,6/7/2024,3.8
Chye Sim,Leafy Green,68,6/7/2024,3.5
Mint,Herb,14,6/7/2024,2.5
Mizuna,Leafy Green,24,7/7/2024,3.8
Green Emerald Lettuce,Leafy Green,35,8/7/2024,4.0
Basil,Herb,17,8/7/2024,2.5
Chye Sim,Leafy Green,49,8/7/2024,3.5
Ruby Red Lettuce,Leafy Green,32,9/7/2024,4.0
Ruby Red Lettuce,Leafy Green,28,11/7/2024,4.0
Chye Sim,Leafy Green,69,11/7/2024,3.5
Mint,Herb,9,12/7/2024,2.5
Mizuna,Leafy Green,15,12/7/2024,3.8
Green Emerald Lettuce,Leafy Green,45,12/7/2024,4.0
Basil,Herb,12,12/7/2024,2.5
Chye Sim,Leafy Green,65,13/7/2024,3.5
Ruby Red Lettuce,Leafy Green,45,14/7/2024,4.0
Mizuna,Leafy Green,21,14/7/2024,3.8
Basil,Herb,21,14/7/2024,2.5
Mint,Herb,16,15/7/2024,2.5
Green Emerald Lettuce,Leafy Green,47,15/7/2024,4.0
Ruby Red Lettuce,Leafy Green,29,16/7/2024,4.0
Green Emerald Lettuce,Leafy Green,46,16/7/2024,4.0
Mizuna,Leafy Green,21,17/7/2024,3.8
Chye Sim,Leafy Green,70,17/7/2024,3.5
Basil,Herb,13,18/7/2024,2.5
Chye Sim,Leafy Green,67,18/7/2024,3.5
Mizuna,Leafy Green,15,19/7/2024,3.8
Ruby Red Lettuce,Leafy Green,32,19/7/2024,4.0
Mint,Herb,17,19/7/2024,2.5
Green Emerald Lettuce,Leafy Green,42,19/7/2024,4.0
Ruby Red Lettuce,Leafy Green,32,20/7/2024,4.0
Mizuna,Leafy Green,18,20/7/2024,3.8
Chye Sim,Leafy Green,78,21/7/2024,3.5
Green Emerald Lettuce,Leafy Green,42,21/7/2024,4.0
Ruby Red Lettuce,Leafy Green,40,22/7/2024,4.0
Green Emerald Lettuce,Leafy Green,43,22/7/2024,4.0
Mizuna,Leafy Green,21,22/7/2024,3.8
Mint,Herb,15,22/7/2024,2.5
Basil,Herb,16,23/7/2024,2.5
Chye Sim,Leafy Green,66,23/7/2024,3.5
Green Emerald Lettuce,Leafy Green,42,24/7/2024,4.0
Mizuna,Leafy Green,16,24/7/2024,3.8
Chye Sim,Leafy Green,61,24/7/2024,3.5
Basil,Herb,22,25/7/2024,2.5
Ruby Red Lettuce,Leafy Green,34,25/7/2024,4.0
Chye Sim,Leafy Green,66,26/7/2024,3.5
Mint,Herb,12,26/7/2024,2.5
Ruby Red Lettuce,Leafy Green,42,26/7/2024,4.0
Green Emerald Lettuce,Leafy Green,49,26/7/2024,4.0
Mizuna,Leafy Green,16,27/7/2024,3.8
Green Emerald Lettuce,Leafy Green,58,28/7/2024,4.0
Chye Sim,Leafy Green,70,29/7/2024,3.5
Mizuna,Leafy Green,15,29/7/2024,3.8
Ruby Red Lettuce,Leafy Green,32,29/7/2024,4.0
Basil,Herb,23,30/7/2024,2.5
Chye Sim,Leafy Green,65,30/7/2024,3.5
Mizuna,Leafy Green,14,31/7/2024,3.8
Mint,Herb,14,31/7/2024,2.5
Green Emerald Lettuce,Leafy Green,39,31/7/2024,4.0
Ruby Red Lettuce,Leafy Green,37,31/7/2024,4.0
Ruby Red Lettuce,Leafy Green,31,1/8/2024,4.0
Mint,Herb,13,1/8/2024,2.5
Chye Sim,Leafy Green,71,2/8/2024,3.5
Mizuna,Leafy Green,18,2/8/2024,3.8
Basil,Herb,23,3/8/2024,2.5
Green Emerald Lettuce,Leafy Green,28,3/8/2024,4.0
Green Emerald Lettuce,Leafy Green,42,4/8/2024,4.0
Ruby Red Lettuce,Leafy Green,38,4/8/2024,4.0
Mizuna,Leafy Green,15,5/8/2024,3.8
Chye Sim,Leafy Green,66,6/8/2024,3.5
Basil,Herb,21,8/8/2024,2.5
Mint,Herb,14,8/8/2024,2.5
Mizuna,Leafy Green,20,8/8/2024,3.8
Green Emerald Lettuce,Leafy Green,32,8/8/2024,4.0
Ruby Red Lettuce,Leafy Green,33,8/8/2024,4.0
Chye Sim,Leafy Green,71,9/8/2024,3.5
Basil,Herb,19,10/8/2024,2.5
Mizuna,Leafy Green,11,10/8/2024,3.8
Mint,Herb,13,10/8/2024,2.5
Ruby Red Lettuce,Leafy Green,30,11/8/2024,4.0
Chye Sim,Leafy Green,39,11/8/2024,3.5
Green Emerald Lettuce,Leafy Green,18,11/8/2024,4.0
Mizuna,Leafy Green,10,13/8/2024,3.8
Chye Sim,Leafy Green,67,14/8/2024,3.5
Green Emerald Lettuce,Leafy Green,41,14/8/2024,4.0
Ruby Red Lettuce,Leafy Green,34,15/8/2024,4.0
Mint,Herb,14,16/8/2024,2.5
Basil,Herb,15,16/8/2024,2.5
Ruby Red Lettuce,Leafy Green,33,16/8/2024,4.0
Green Emerald Lettuce,Leafy Green,54,16/8/2024,4.0
Chye Sim,Leafy Green,51,16/8/2024,3.5
Mizuna,Leafy Green,18,16/8/2024,3.8
Mizuna,Leafy Green,15,18/8/2024,3.8
Basil,Herb,16,19/8/2024,2.5
Ruby Red Lettuce,Leafy Green,31,19/8/2024,4.0
Chye Sim,Leafy Green,64,19/8/2024,3.5
Mint,Herb,13,19/8/2024,2.5
Green Emerald Lettuce,Leafy Green,39,19/8/2024,4.0
Chye Sim,Leafy Green,56,20/8/2024,3.5
Green Emerald Lettuce,Leafy Green,44,20/8/2024,4.0
Ruby Red Lettuce,Leafy Green,33,21/8/2024,4.0
Mizuna,Leafy Green,17,21/8/2024,3.8
Green Emerald Lettuce,Leafy Green,39,22/8/2024,4.0
Ruby Red Lettuce,Leafy Green,32,23/8/2024,4.0
Chye Sim,Leafy Green,58,23/8/2024,3.5
Mint,Herb,9,23/8/2024,2.5
Mizuna,Leafy Green,17,23/8/2024,3.8
Basil,Herb,18,24/8/2024,2.5
Green Emerald Lettuce,Leafy Green,38,24/8/2024,4.0
Chye Sim,Leafy Green,77,25/8/2024,3.5
Mizuna,Leafy Green,20,25/8/2024,3.8
Ruby Red Lettuce,Leafy Green,36,25/8/2024,4.0
Green Emerald Lettuce,Leafy Green,44,26/8/2024,4.0
Ruby Red Lettuce,Leafy Green,37,26/8/2024,4.0
Chye Sim,Leafy Green,76,26/8/2024,3.5
Mizuna,Leafy Green,18,27/8/2024,3.8
Mint,Herb,11,28/8/2024,2.5
Mizuna,Leafy Green,17,28/8/2024,3.8
Basil,Herb,17,28/8/2024,2.5
Mint,Herb,12,29/8/2024,2.5
Chye Sim,Leafy Green,71,29/8/2024,3.5
Green Emerald Lettuce,Leafy Green,37,29/8/2024,4.0
Ruby Red Lettuce,Leafy Green,28,29/8/2024,4.0
Mizuna,Leafy Green,19,30/8/2024,3.8
Green Emerald Lettuce,Leafy Green,41,30/8/2024,4.0
Ruby Red Lettuce,Leafy Green,26,30/8/2024,4.0
Basil,Herb,19,30/8/2024,2.5
Chye Sim,Leafy Green,54,31/8/2024,3.5
Mizuna,Leafy Green,23,1/9/2024,3.8
Green Emerald Lettuce,Leafy Green,38,2/9/2024,4.0
Basil,Herb,16,2/9/2024,2.5
Mint,Herb,13,3/9/2024,2.5
Ruby Red Lettuce,Leafy Green,30,3/9/2024,4.0
Chye Sim,Leafy Green,49,3/9/2024,3.5
Mint,Herb,12,5/9/2024,2.5
Ruby Red Lettuce,Leafy Green,29,5/9/2024,4.0
Mizuna,Leafy Green,19,5/9/2024,3.8
Green Emerald Lettuce,Leafy Green,39,6/9/2024,4.0
Basil,Herb,20,6/9/2024,2.5
Chye Sim,Leafy Green,65,6/9/2024,3.5
Green Emerald Lettuce,Leafy Green,32,7/9/2024,4.0
Chye Sim,Leafy Green,74,7/9/2024,3.5
Mizuna,Leafy Green,19,9/9/2024,3.8
Ruby Red Lettuce,Leafy Green,31,9/9/2024,4.0
Chye Sim,Leafy Green,71,10/9/2024,3.5
Ruby Red Lettuce,Leafy Green,35,10/9/2024,4.0
Green Emerald Lettuce,Leafy Green,21,12/9/2024,4.0
Basil,Herb,16,12/9/2024,2.5
Mint,Herb,14,12/9/2024,2.5
Mizuna,Leafy Green,17,12/9/2024,3.8
Ruby Red Lettuce,Leafy Green,33,13/9/2024,4.0
Mizuna,Leafy Green,18,13/9/2024,3.8
Mint,Herb,14,14/9/2024,2.5
Green Emerald Lettuce,Leafy Green,32,14/9/2024,4.0
Basil,Herb,23,15/9/2024,2.5
Chye Sim,Leafy Green,58,15/9/2024,3.5
Ruby Red Lettuce,Leafy Green,23,17/9/2024,4.0
Mizuna,Leafy Green,17,17/9/2024,3.8
Green Emerald Lettuce,Leafy Green,37,17/9/2024,4.0
Chye Sim,Leafy Green,74,17/9/2024,3.5
Ruby Red Lettuce,Leafy Green,18,19/9/2024,4.0
Basil,Herb,19,19/9/2024,2.5
Mint,Herb,12,19/9/2024,2.5
Chye Sim,Leafy Green,61,19/9/2024,3.5
Mizuna,Leafy Green,19,19/9/2024,3.8
Green Emerald Lettuce,Leafy Green,27,20/9/2024,4.0
Ruby Red Lettuce,Leafy Green,33,21/9/2024,4.0
Mizuna,Leafy Green,24,21/9/2024,3.8
Chye Sim,Leafy Green,57,22/9/2024,3.5
Green Emerald Lettuce,Leafy Green,36,22/9/2024,4.0
Mizuna,Leafy Green,15,23/9/2024,3.8
Mint,Herb,10,23/9/2024,2.5
Basil,Herb,16,23/9/2024,2.5
Chye Sim,Leafy Green,54,23/9/2024,3.5
Ruby Red Lettuce,Leafy Green,23,24/9/2024,4.0
Green Emerald Lettuce,Leafy Green,35,24/9/2024,4.0
Green Emerald Lettuce,Leafy Green,38,25/9/2024,4.0
Basil,Herb,24,25/9/2024,2.5
Mizuna,Leafy Green,15,26/9/2024,3.8
Chye Sim,Leafy Green,57,26/9/2024,3.5
Ruby Red Lettuce,Leafy Green,28,26/9/2024,4.0
Mint,Herb,12,26/9/2024,2.5
Mizuna,Leafy Green,24,27/9/2024,3.8
Ruby Red Lettuce,Leafy Green,24,27/9/2024,4.0
Basil,Herb,16,28/9/2024,2.5
Green Emerald Lettuce,Leafy Green,35,28/9/2024,4.0
Chye Sim,Leafy Green,56,28/9/2024,3.5
Ruby Red Lettuce,Leafy Green,21,29/9/2024,4.0
Green Emerald Lettuce,Leafy Green,30,29/9/2024,4.0
Mint,Herb,10,29/9/2024,2.5
Chye Sim,Leafy Green,62,30/9/2024,3.5
Mizuna,Leafy Green,19,30/9/2024,3.8
Chye Sim,Leafy Green,71,1/10/2024,3.5
Mint,Herb,11,2/10/2024,2.5
Green Emerald Lettuce,Leafy Green,48,2/10/2024,4.0
Ruby Red Lettuce,Leafy Green,23,3/10/2024,4.0
Mizuna,Leafy Green,24,3/10/2024,3.8
Chye Sim,Leafy Green,56,4/10/2024,3.5
Ruby Red Lettuce,Leafy Green,20,4/10/2024,4.0
Basil,Herb,15,4/10/2024,2.5
Mizuna,Leafy Green,24,5/10/2024,3.8
Green Emerald Lettuce,Leafy Green,42,5/10/2024,4.0
Basil,Herb,9,6/10/2024,2.5
Mint,Herb,11,7/10/2024,2.5
Ruby Red Lettuce,Leafy Green,32,7/10/2024,4.0
Mizuna,Leafy Green,20,8/10/2024,3.8
Green Emerald Lettuce,Leafy Green,42,9/10/2024,4.0
Chye Sim,Leafy Green,52,9/10/2024,3.5
Mint,Herb,8,10/10/2024,2.5
Ruby Red Lettuce,Leafy Green,25,10/10/2024,4.0
Chye Sim,Leafy Green,56,10/10/2024,3.5
Mizuna,Leafy Green,21,12/10/2024,3.8
Green Emerald Lettuce,Leafy Green,46,12/10/2024,4.0
Basil,Herb,9,12/10/2024,2.5
Ruby Red Lettuce,Leafy Green,25,13/10/2024,4.0
Basil,Herb,16,13/10/2024,2.5
Mizuna,Leafy Green,23,14/10/2024,3.8
Green Emerald Lettuce,Leafy Green,37,15/10/2024,4.0
Chye Sim,Leafy Green,44,15/10/2024,3.5
Ruby Red Lettuce,Leafy Green,31,16/10/2024,4.0
Mizuna,Leafy Green,21,16/10/2024,3.8
Green Emerald Lettuce,Leafy Green,34,16/10/2024,4.0
Mint,Herb,8,16/10/2024,2.5
Chye Sim,Leafy Green,47,16/10/2024,3.5
Basil,Herb,17,17/10/2024,2.5
Mint,Herb,12,18/10/2024,2.5
Ruby Red Lettuce,Leafy Green,28,18/10/2024,4.0
Green Emerald Lettuce,Leafy Green,33,19/10/2024,4.0
Mizuna,Leafy Green,27,19/10/2024,3.8
Chye Sim,Leafy Green,65,19/10/2024,3.5
Ruby Red Lettuce,Leafy Green,28,20/10/2024,4.0
Green Emerald Lettuce,Leafy Green,28,20/10/2024,4.0
Mizuna,Leafy Green,23,20/10/2024,3.8
Chye Sim,Leafy Green,49,20/10/2024,3.5
Mint,Herb,11,21/10/2024,2.5
Mizuna,Leafy Green,24,22/10/2024,3.8
Chye Sim,Leafy Green,46,22/10/2024,3.5
Ruby Red Lettuce,Leafy Green,35,23/10/2024,4.0
Green Emerald Lettuce,Leafy Green,52,23/10/2024,4.0
Basil,Herb,14,24/10/2024,2.5
Chye Sim,Leafy Green,59,24/10/2024,3.5
Green Emerald Lettuce,Leafy Green,33,25/10/2024,4.0
Mizuna,Leafy Green,24,25/10/2024,3.8
Ruby Red Lettuce,Leafy Green,23,25/10/2024,4.0
Ruby Red Lettuce,Leafy Green,30,26/10/2024,4.0
Green Emerald Lettuce,Leafy Green,38,26/10/2024,4.0
Chye Sim,Leafy Green,65,26/10/2024,3.5
Mizuna,Leafy Green,25,26/10/2024,3.8
Mint,Herb,13,28/10/2024,2.5
Ruby Red Lettuce,Leafy Green,26,28/10/2024,4.0
Mizuna,Leafy Green,22,28/10/2024,3.8
Basil,Herb,15,28/10/2024,2.5
Green Emerald Lettuce,Leafy Green,38,28/10/2024,4.0
Chye Sim,Leafy Green,61,28/10/2024,3.5
Mint,Herb,12,30/10/2024,2.5
Mizuna,Leafy Green,17,30/10/2024,3.8
Chye Sim,Leafy Green,63,30/10/2024,3.5
Basil,Herb,18,30/10/2024,2.5
Green Emerald Lettuce,Leafy Green,41,31/10/2024,4.0
Ruby Red Lettuce,Leafy Green,27,31/10/2024,4.0
Mint,Herb,12,1/11/2024,2.5
Basil,Herb,13,1/11/2024,2.5
Green Emerald Lettuce,Leafy Green,45,2/11/2024,4.0
Chye Sim,Leafy Green,48,2/11/2024,3.5
Mizuna,Leafy Green,31,3/11/2024,3.8
Ruby Red Lettuce,Leafy Green,29,3/11/2024,4.0
Mizuna,Leafy Green,28,4/11/2024,3.8
Ruby Red Lettuce,Leafy Green,30,4/11/2024,4.0
Chye Sim,Leafy Green,40,5/11/2024,3.5
Mint,Herb,10,5/11/2024,2.5
Green Emerald Lettuce,Leafy Green,50,6/11/2024,4.0
Basil,Herb,16,6/11/2024,2.5
Mizuna,Leafy Green,28,7/11/2024,3.8
Green Emerald Lettuce,Leafy Green,34,8/11/2024,4.0
Ruby Red Lettuce,Leafy Green,26,8/11/2024,4.0
Basil,Herb,11,9/11/2024,2.5
Chye Sim,Leafy Green,48,9/11/2024,3.5
Mint,Herb,8,9/11/2024,2.5
Green Emerald Lettuce,Leafy Green,32,10/11/2024,4.0
Ruby Red Lettuce,Leafy Green,32,11/11/2024,4.0
Chye Sim,Leafy Green,43,12/11/2024,3.5
Mizuna,Leafy Green,26,12/11/2024,3.8
Chye Sim,Leafy Green,45,14/11/2024,3.5
Mizuna,Leafy Green,27,15/11/2024,3.8
Ruby Red Lettuce,Leafy Green,29,15/11/2024,4.0
Mint,Herb,12,15/11/2024,2.5
Basil,Herb,12,15/11/2024,2.5
Green Emerald Lettuce,Leafy Green,34,15/11/2024,4.0
Ruby Red Lettuce,Leafy Green,31,16/11/2024,4.0
Mint,Herb,11,17/11/2024,2.5
Mizuna,Leafy Green,22,17/11/2024,3.8
Basil,Herb,11,18/11/2024,2.5
Chye Sim,Leafy Green,54,18/11/2024,3.5
Green Emerald Lettuce,Leafy Green,52,18/11/2024,4.0
Ruby Red Lettuce,Leafy Green,13,19/11/2024,4.0
Mizuna,Leafy Green,17,20/11/2024,3.8
Green Emerald Lettuce,Leafy Green,33,20/11/2024,4.0
Chye Sim,Leafy Green,52,20/11/2024,3.5
Ruby Red Lettuce,Leafy Green,31,21/11/2024,4.0
Green Emerald Lettuce,Leafy Green,68,21/11/2024,4.0
Chye Sim,Leafy Green,72,22/11/2024,3.5
Mizuna,Leafy Green,33,22/11/2024,3.8
Basil,Herb,12,22/11/2024,2.5
Ruby Red Lettuce,Leafy Green,36,23/11/2024,4.0
Mizuna,Leafy Green,19,24/11/2024,3.8
Chye Sim,Leafy Green,33,24/11/2024,3.5
Mint,Herb,8,24/11/2024,2.5
Green Emerald Lettuce,Leafy Green,33,24/11/2024,4.0
Chye Sim,Leafy Green,29,25/11/2024,3.5
Basil,Herb,7,25/11/2024,2.5
Ruby Red Lettuce,Leafy Green,15,25/11/2024,4.0
Mizuna,Leafy Green,22,26/11/2024,3.8
Green Emerald Lettuce,Leafy Green,45,26/11/2024,4.0
Mint,Herb,9,27/11/2024,2.5
Ruby Red Lettuce,Leafy Green,37,27/11/2024,4.0
Green Emerald Lettuce,Leafy Green,54,27/11/2024,4.0
Chye Sim,Leafy Green,58,27/11/2024,3.5
Basil,Herb,13,28/11/2024,2.5
Mizuna,Leafy Green,26,28/11/2024,3.8
Mint,Herb,8,28/11/2024,2.5
Ruby Red Lettuce,Leafy Green,28,29/11/2024,4.0
Mizuna,Leafy Green,27,29/11/2024,3.8
Green Emerald Lettuce,Leafy Green,57,30/11/2024,4.0
Chye Sim,Leafy Green,45,30/11/2024,3.5
Ruby Red Lettuce,Leafy Green,30,1/12/2024,4.0
Chye Sim,Leafy Green,52,1/12/2024,3.5
Basil,Herb,8,2/12/2024,2.5
Mint,Herb,9,2/12/2024,2.5
Mizuna,Leafy Green,30,3/12/2024,3.8
Green Emerald Lettuce,Leafy Green,48,3/12/2024,4.0
Green Emerald Lettuce,Leafy Green,47,4/12/2024,4.0
Basil,Herb,13,5/12/2024,2.5
Ruby Red Lettuce,Leafy Green,27,5/12/2024,4.0
Mizuna,Leafy Green,29,6/12/2024,3.8
Chye Sim,Leafy Green,64,6/12/2024,3.5
Mint,Herb,9,6/12/2024,2.5
Mizuna,Leafy Green,25,7/12/2024,3.8
Chye Sim,Leafy Green,71,8/12/2024,3.5
Ruby Red Lettuce,Leafy Green,19,8/12/2024,4.0
Green Emerald Lettuce,Leafy Green,42,9/12/2024,4.0
Mint,Herb,9,9/12/2024,2.5
Mizuna,Leafy Green,27,10/12/2024,3.8
Green Emerald Lettuce,Leafy Green,42,10/12/2024,4.0
Chye Sim,Leafy Green,68,11/12/2024,3.5
Basil,Herb,10,11/12/2024,2.5
Ruby Red Lettuce,Leafy Green,33,12/12/2024,4.0
Green Emerald Lettuce,Leafy Green,47,13/12/2024,4.0
Basil,Herb,10,13/12/2024,2.5
Ruby Red Lettuce,Leafy Green,42,14/12/2024,4.0
Mizuna,Leafy Green,28,14/12/2024,3.8
Chye Sim,Leafy Green,51,15/12/2024,3.5
Mint,Herb,8,15/12/2024,2.5
Green Emerald Lettuce,Leafy Green,51,16/12/2024,4.0
Mizuna,Leafy Green,20,17/12/2024,3.8
Chye Sim,Leafy Green,46,17/12/2024,3.5
Ruby Red Lettuce,Leafy Green,41,17/12/2024,4.0
Chye Sim,Leafy Green,56,18/12/2024,3.5
Green Emerald Lettuce,Leafy Green,55,18/12/2024,4.0
Mizuna,Leafy Green,12,19/12/2024,3.8
Basil,Herb,6,19/12/2024,2.5
Ruby Red Lettuce,Leafy Green,16,19/12/2024,4.0
Mizuna,Leafy Green,22,20/12/2024,3.8
Mint,Herb,5,20/12/2024,2.5
Chye Sim,Leafy Green,41,21/12/2024,3.5
Green Emerald Lettuce,Leafy Green,44,21/12/2024,4.0
Ruby Red Lettuce,Leafy Green,31,21/12/2024,4.0
Mint,Herb,11,22/12/2024,2.5
Green Emerald Lettuce,Leafy Green,78,22/12/2024,4.0
Mizuna,Leafy Green,21,23/12/2024,3.8
Chye Sim,Leafy Green,60,23/12/2024,3.5
Basil,Herb,13,23/12/2024,2.5
Ruby Red Lettuce,Leafy Green,36,23/12/2024,4.0
Ruby Red Lettuce,Leafy Green,14,25/12/2024,4.0
Chye Sim,Leafy Green,28,25/12/2024,3.5
Green Emerald Lettuce,Leafy Green,24,25/12/2024,4.0
Mizuna,Leafy Green,14,25/12/2024,3.8
Mint,Herb,3,25/12/2024,2.5
Basil,Herb,9,26/12/2024,2.5
Chye Sim,Leafy Green,51,26/12/2024,3.5
Green Emerald Lettuce,Leafy Green,48,26/12/2024,4.0
Mizuna,Leafy Green,21,27/12/2024,3.8
Ruby Red Lettuce,Leafy Green,34,27/12/2024,4.0
Chye Sim,Leafy Green,42,28/12/2024,3.5
Green Emerald Lettuce,Leafy Green,43,29/12/2024,4.0
Ruby Red Lettuce,Leafy Green,37,29/12/2024,4.0
Mizuna,Leafy Green,28,29/12/2024,3.8
Basil,Herb,11,29/12/2024,2.5
Mint,Herb,5,29/12/2024,2.5
Ruby Red Lettuce,Leafy Green,39,30/12/2024,4.0
Mizuna,Leafy Green,26,30/12/2024,3.8
Chye Sim,Leafy Green,60,31/12/2024,3.5
Green Emerald Lettuce,Leafy Green,31,31/12/2024,4.0
